Store,Theme,final_theme_score
역삼아레나빌딩,분위기,2.55
역삼아레나빌딩,사교 활동,13.25
역삼아레나빌딩,시각적 요소,8.63
역삼아레나빌딩,경험,4.3
역삼아레나빌딩,다양성,6.45
역삼아레나빌딩,특별함,7.99
논현역사거리,분위기,0.47
논현역사거리,사교 활동,8.0
논현역사거리,시각적 요소,6.3
논현역사거리,경험,3.12
논현역사거리,다양성,5.27
논현역사거리,특별함,6.77
신사역성일빌딩,분위기,0.25
신사역성일빌딩,사교 활동,8.48
신사역성일빌딩,시각적 요소,6.94
신사역성일빌딩,경험,3.47
신사역성일빌딩,다양성,5.19
신사역성일빌딩,특별함,6.12
국기원사거리,분위기,-0.2
국기원사거리,사교 활동,9.12
국기원사거리,시각적 요소,6.84
국기원사거리,경험,3.47
국기원사거리,다양성,5.24
국기원사거리,특별함,6.64
대치재경빌딩,분위기,1.92
대치재경빌딩,사교 활동,10.21
대치재경빌딩,시각적 요소,6.89
대치재경빌딩,경험,4.1
대치재경빌딩,다양성,6.62
대치재경빌딩,특별함,7.94
봉은사역,분위기,1.33
봉은사역,사교 활동,10.48
봉은사역,시각적 요소,7.18
봉은사역,경험,4.13
봉은사역,다양성,6.26
봉은사역,특별함,8.62
압구정윤성빌딩,분위기,1.08
압구정윤성빌딩,사교 활동,10.66
압구정윤성빌딩,시각적 요소,7.47
압구정윤성빌딩,경험,4.37
압구정윤성빌딩,다양성,5.94
압구정윤성빌딩,특별함,9.5
코엑스별마당,분위기,3.14
코엑스별마당,사교 활동,11.83
코엑스별마당,시각적 요소,4.78
코엑스별마당,경험,3.55
코엑스별마당,다양성,5.06
코엑스별마당,특별함,6.45
삼성역섬유센터R,분위기,1.65
삼성역섬유센터R,사교 활동,8.41
삼성역섬유센터R,시각적 요소,5.33
삼성역섬유센터R,경험,3.42
삼성역섬유센터R,다양성,4.98
삼성역섬유센터R,특별함,6.23
압구정R,분위기,2.34
압구정R,사교 활동,12.14
압구정R,시각적 요소,7.76
압구정R,경험,4.57
압구정R,다양성,6.69
압구정R,특별함,8.4
수서역R,분위기,1.48
수서역R,사교 활동,8.32
수서역R,시각적 요소,5.15
수서역R,경험,3.27
수서역R,다양성,4.81
수서역R,특별함,5.69
양재강남빌딩R,분위기,0.18
양재강남빌딩R,사교 활동,8.12
양재강남빌딩R,시각적 요소,5.67
양재강남빌딩R,경험,3.41
양재강남빌딩R,다양성,5.06
양재강남빌딩R,특별함,5.27
선릉동신빌딩R,분위기,2.03
선릉동신빌딩R,사교 활동,10.16
선릉동신빌딩R,시각적 요소,6.14
선릉동신빌딩R,경험,3.67
선릉동신빌딩R,다양성,5.37
선릉동신빌딩R,특별함,7.45
봉은사로선정릉,분위기,4.59
봉은사로선정릉,사교 활동,14.62
봉은사로선정릉,시각적 요소,9.44
봉은사로선정릉,경험,5.83
봉은사로선정릉,다양성,7.79
봉은사로선정릉,특별함,12.12
강남오거리,분위기,1.29
강남오거리,사교 활동,9.71
강남오거리,시각적 요소,8.71
강남오거리,경험,4.03
강남오거리,다양성,5.98
강남오거리,특별함,7.33
스타필드코엑스몰R,분위기,3.25
스타필드코엑스몰R,사교 활동,9.59
스타필드코엑스몰R,시각적 요소,6.83
스타필드코엑스몰R,경험,4.19
스타필드코엑스몰R,다양성,6.47
스타필드코엑스몰R,특별함,9.04
강남구청정문,분위기,2.68
강남구청정문,사교 활동,11.37
강남구청정문,시각적 요소,9.17
강남구청정문,경험,4.41
강남구청정문,다양성,6.24
강남구청정문,특별함,9.43
도곡공원,분위기,0.56
도곡공원,사교 활동,10.97
도곡공원,시각적 요소,8.44
도곡공원,경험,3.95
도곡공원,다양성,6.69
도곡공원,특별함,7.96
강남R,분위기,-0.21
강남R,사교 활동,6.43
강남R,시각적 요소,4.57
강남R,경험,2.71
강남R,다양성,4.43
강남R,특별함,5.33
대치은마사거리,분위기,3.27
대치은마사거리,사교 활동,17.27
대치은마사거리,시각적 요소,19.23
대치은마사거리,경험,5.22
대치은마사거리,다양성,7.92
대치은마사거리,특별함,16.35
청담영동대로,분위기,1.84
청담영동대로,사교 활동,10.44
청담영동대로,시각적 요소,7.91
청담영동대로,경험,4.3
청담영동대로,다양성,5.61
청담영동대로,특별함,7.01
청담스타R,분위기,1.75
청담스타R,사교 활동,11.11
청담스타R,시각적 요소,5.71
청담스타R,경험,3.94
청담스타R,다양성,6.37
청담스타R,특별함,7.12
강남우성,분위기,0.91
강남우성,사교 활동,11.26
강남우성,시각적 요소,7.84
강남우성,경험,3.83
강남우성,다양성,5.58
강남우성,특별함,8.68
학동사거리,분위기,1.7
학동사거리,사교 활동,9.59
학동사거리,시각적 요소,7.24
학동사거리,경험,3.57
학동사거리,다양성,5.19
학동사거리,특별함,7.35
대치사거리,분위기,2.64
대치사거리,사교 활동,12.59
대치사거리,시각적 요소,12.18
대치사거리,경험,4.66
대치사거리,다양성,7.37
대치사거리,특별함,9.78
포스코사거리,분위기,7.33
포스코사거리,사교 활동,13.38
포스코사거리,시각적 요소,10.5
포스코사거리,경험,5.28
포스코사거리,다양성,6.73
포스코사거리,특별함,10.78
을지병원사거리,분위기,3.27
을지병원사거리,사교 활동,15.55
을지병원사거리,시각적 요소,12.56
을지병원사거리,경험,5.38
을지병원사거리,다양성,7.78
을지병원사거리,특별함,12.98
신사역,분위기,2.01
신사역,사교 활동,12.33
신사역,시각적 요소,8.4
신사역,경험,4.17
신사역,다양성,5.89
신사역,특별함,8.95
도곡역,분위기,3.12
도곡역,사교 활동,13.1
도곡역,시각적 요소,10.94
도곡역,경험,5.27
도곡역,다양성,7.82
도곡역,특별함,12.08
서울세관사거리,분위기,2.35
서울세관사거리,사교 활동,11.33
서울세관사거리,시각적 요소,7.51
서울세관사거리,경험,4.28
서울세관사거리,다양성,6.5
서울세관사거리,특별함,8.49
한티역,분위기,1.0
한티역,사교 활동,12.0
한티역,시각적 요소,8.81
한티역,경험,4.58
한티역,다양성,6.73
한티역,특별함,10.4
역삼초교사거리,분위기,0.92
역삼초교사거리,사교 활동,8.61
역삼초교사거리,시각적 요소,7.1
역삼초교사거리,경험,3.61
역삼초교사거리,다양성,5.52
역삼초교사거리,특별함,7.86
코엑스몰,분위기,2.36
코엑스몰,사교 활동,8.91
코엑스몰,시각적 요소,8.13
코엑스몰,경험,3.33
코엑스몰,다양성,5.15
코엑스몰,특별함,6.92
가로수길,분위기,1.28
가로수길,사교 활동,10.6
가로수길,시각적 요소,8.42
가로수길,경험,4.21
가로수길,다양성,6.27
가로수길,특별함,9.38
역삼대로,분위기,5.32
역삼대로,사교 활동,15.19
역삼대로,시각적 요소,11.42
역삼대로,경험,5.76
역삼대로,다양성,8.21
역삼대로,특별함,13.94
역삼포스코,분위기,2.41
역삼포스코,사교 활동,11.82
역삼포스코,시각적 요소,7.7
역삼포스코,경험,3.97
역삼포스코,다양성,5.51
역삼포스코,특별함,8.46
강남대로,분위기,1.19
강남대로,사교 활동,9.08
강남대로,시각적 요소,7.45
강남대로,경험,3.65
강남대로,다양성,5.48
강남대로,특별함,8.05
청담,분위기,3.18
청담,사교 활동,14.86
청담,시각적 요소,9.57
청담,경험,4.87
청담,다양성,7.01
청담,특별함,10.32
삼성도심공항,분위기,2.59
삼성도심공항,사교 활동,11.37
삼성도심공항,시각적 요소,8.22
삼성도심공항,경험,4.2
삼성도심공항,다양성,6.8
삼성도심공항,특별함,8.52
삼성교,분위기,1.68
삼성교,사교 활동,9.66
삼성교,시각적 요소,7.59
삼성교,경험,3.77
삼성교,다양성,6.09
삼성교,특별함,9.94
학동역,분위기,0.62
학동역,사교 활동,9.52
학동역,시각적 요소,6.54
학동역,경험,3.33
학동역,다양성,5.32
학동역,특별함,6.2
삼성,분위기,11.74
삼성,사교 활동,19.83
삼성,시각적 요소,13.64
삼성,경험,5.99
삼성,다양성,8.22
삼성,특별함,14.19
큰길타워,분위기,5.19
큰길타워,사교 활동,17.45
큰길타워,시각적 요소,14.31
큰길타워,경험,6.92
큰길타워,다양성,8.51
큰길타워,특별함,16.89
강남구청역,분위기,0.89
강남구청역,사교 활동,10.83
강남구청역,시각적 요소,7.96
강남구청역,경험,4.09
강남구청역,다양성,5.82
강남구청역,특별함,8.36
대치역,분위기,5.92
대치역,사교 활동,25.81
대치역,시각적 요소,21.57
대치역,경험,8.43
대치역,다양성,11.08
대치역,특별함,22.67
포이,분위기,2.55
포이,사교 활동,14.13
포이,시각적 요소,8.36
포이,경험,4.09
포이,다양성,5.58
포이,특별함,6.96
아크플레이스,분위기,4.68
아크플레이스,사교 활동,14.06
아크플레이스,시각적 요소,6.3
아크플레이스,경험,5.01
아크플레이스,다양성,6.36
아크플레이스,특별함,9.91
학여울역,분위기,2.02
학여울역,사교 활동,12.66
학여울역,시각적 요소,8.71
학여울역,경험,5.0
학여울역,다양성,6.55
학여울역,특별함,8.76
선정릉역,분위기,0.8
선정릉역,사교 활동,9.83
선정릉역,시각적 요소,9.11
선정릉역,경험,4.37
선정릉역,다양성,6.31
선정릉역,특별함,8.25
삼성현대힐,분위기,3.54
삼성현대힐,사교 활동,12.76
삼성현대힐,시각적 요소,8.39
삼성현대힐,경험,3.95
삼성현대힐,다양성,5.6
삼성현대힐,특별함,5.87
GS타워,분위기,18.47
GS타워,사교 활동,28.34
GS타워,시각적 요소,15.26
GS타워,경험,6.09
GS타워,다양성,6.51
GS타워,특별함,10.65
역삼럭키,분위기,2.29
역삼럭키,사교 활동,13.25
역삼럭키,시각적 요소,11.74
역삼럭키,경험,5.06
역삼럭키,다양성,6.94
역삼럭키,특별함,8.92
신압구정,분위기,1.3
신압구정,사교 활동,9.89
신압구정,시각적 요소,7.47
신압구정,경험,3.9
신압구정,다양성,6.34
신압구정,특별함,10.31
압구정로데오역,분위기,0.31
압구정로데오역,사교 활동,8.87
압구정로데오역,시각적 요소,7.2
압구정로데오역,경험,3.26
압구정로데오역,다양성,5.27
압구정로데오역,특별함,6.62
르네상스사거리,분위기,2.17
르네상스사거리,사교 활동,12.98
르네상스사거리,시각적 요소,8.27
르네상스사거리,경험,5.05
르네상스사거리,다양성,6.45
르네상스사거리,특별함,10.76
포스코,분위기,17.76
포스코,사교 활동,26.54
포스코,시각적 요소,16.99
포스코,경험,7.77
포스코,다양성,9.26
포스코,특별함,17.81
선릉로,분위기,5.36
선릉로,사교 활동,14.03
선릉로,시각적 요소,9.96
선릉로,경험,4.25
선릉로,다양성,6.25
선릉로,특별함,9.41
논현힐탑,분위기,2.69
논현힐탑,사교 활동,11.68
논현힐탑,시각적 요소,8.91
논현힐탑,경험,5.14
논현힐탑,다양성,7.13
논현힐탑,특별함,11.23
도산가로수길,분위기,0.43
도산가로수길,사교 활동,9.55
도산가로수길,시각적 요소,6.08
도산가로수길,경험,4.09
도산가로수길,다양성,5.78
도산가로수길,특별함,9.62
매봉역,분위기,55.57
매봉역,사교 활동,69.75
매봉역,시각적 요소,42.26
매봉역,경험,35.67
매봉역,다양성,34.08
매봉역,특별함,91.01
대치삼성,분위기,4.15
대치삼성,사교 활동,12.96
대치삼성,시각적 요소,7.99
대치삼성,경험,5.39
대치삼성,다양성,7.26
대치삼성,특별함,9.17
언주역,분위기,4.1
언주역,사교 활동,16.22
언주역,시각적 요소,6.85
언주역,경험,5.55
언주역,다양성,7.82
언주역,특별함,10.84
삼성역,분위기,1.86
삼성역,사교 활동,12.76
삼성역,시각적 요소,8.32
삼성역,경험,4.14
삼성역,다양성,8.2
삼성역,특별함,13.17
테헤란로아남타워,분위기,0.95
테헤란로아남타워,사교 활동,8.7
테헤란로아남타워,시각적 요소,6.16
테헤란로아남타워,경험,3.23
테헤란로아남타워,다양성,5.13
테헤란로아남타워,특별함,7.28
강남논현,분위기,12.97
강남논현,사교 활동,34.56
강남논현,시각적 요소,22.28
강남논현,경험,8.93
강남논현,다양성,10.08
강남논현,특별함,21.87
삼성동,분위기,2.59
삼성동,사교 활동,11.82
삼성동,시각적 요소,8.23
삼성동,경험,5.06
삼성동,다양성,7.24
삼성동,특별함,10.06
청담역,분위기,9.28
청담역,사교 활동,30.25
청담역,시각적 요소,12.68
청담역,경험,9.66
청담역,다양성,15.5
청담역,특별함,22.36
압구정현대아파트,분위기,22.49
압구정현대아파트,사교 활동,97.03
압구정현대아파트,시각적 요소,35.99
압구정현대아파트,경험,18.67
압구정현대아파트,다양성,40.28
압구정현대아파트,특별함,36.87
강남청담빌딩,분위기,56.11
강남청담빌딩,사교 활동,202.25
강남청담빌딩,시각적 요소,36.37
강남청담빌딩,경험,48.97
강남청담빌딩,다양성,67.61
강남청담빌딩,특별함,83.89
역삼이마트,분위기,61.07
역삼이마트,사교 활동,202.25
역삼이마트,시각적 요소,110.33
역삼이마트,경험,21.73
역삼이마트,다양성,33.9
역삼이마트,특별함,50.87
강남세곡DT,분위기,60.92
강남세곡DT,사교 활동,148.04
강남세곡DT,시각적 요소,25.34
강남세곡DT,경험,20.02
강남세곡DT,다양성,36.25
강남세곡DT,특별함,46.48
미아뉴타운,분위기,-0.2
미아뉴타운,사교 활동,8.54
미아뉴타운,시각적 요소,9.14
미아뉴타운,경험,3.44
미아뉴타운,다양성,5.52
미아뉴타운,특별함,5.56
강북구청사거리,분위기,-1.42
강북구청사거리,사교 활동,6.36
강북구청사거리,시각적 요소,5.62
강북구청사거리,경험,2.76
강북구청사거리,다양성,4.29
강북구청사거리,특별함,4.37
미아사거리역,분위기,0.42
미아사거리역,사교 활동,6.97
미아사거리역,시각적 요소,6.71
미아사거리역,경험,2.92
미아사거리역,다양성,4.66
미아사거리역,특별함,5.4
수유역,분위기,0.38
수유역,사교 활동,7.9
수유역,시각적 요소,6.3
수유역,경험,2.97
수유역,다양성,4.3
수유역,특별함,4.82
미아역,분위기,-0.52
미아역,사교 활동,6.99
미아역,시각적 요소,5.63
미아역,경험,2.9
미아역,다양성,4.48
미아역,특별함,6.15
수유역5번출구,분위기,23.27
수유역5번출구,사교 활동,64.65
수유역5번출구,시각적 요소,29.25
수유역5번출구,경험,21.02
수유역5번출구,다양성,32.85
수유역5번출구,특별함,68.82
파라스파라서울,분위기,4.49
파라스파라서울,사교 활동,8.36
파라스파라서울,시각적 요소,4.0
파라스파라서울,경험,4.03
파라스파라서울,다양성,5.51
파라스파라서울,특별함,6.46
발산역사거리,분위기,0.13
발산역사거리,사교 활동,9.39
발산역사거리,시각적 요소,6.58
발산역사거리,경험,3.54
발산역사거리,다양성,5.07
발산역사거리,특별함,6.86
마곡사이언스타워R,분위기,-0.08
마곡사이언스타워R,사교 활동,7.04
마곡사이언스타워R,시각적 요소,4.74
마곡사이언스타워R,경험,3.03
마곡사이언스타워R,다양성,4.84
마곡사이언스타워R,특별함,5.51
방화DT,분위기,0.05
방화DT,사교 활동,8.47
방화DT,시각적 요소,6.14
방화DT,경험,3.35
방화DT,다양성,4.97
방화DT,특별함,6.19
마곡나루역,분위기,0.67
마곡나루역,사교 활동,7.98
마곡나루역,시각적 요소,6.48
마곡나루역,경험,3.38
마곡나루역,다양성,5.14
마곡나루역,특별함,7.07
마곡GMG,분위기,0.89
마곡GMG,사교 활동,8.89
마곡GMG,시각적 요소,6.61
마곡GMG,경험,3.44
마곡GMG,다양성,5.34
마곡GMG,특별함,7.45
가양역,분위기,0.01
가양역,사교 활동,8.18
가양역,시각적 요소,6.77
가양역,경험,3.1
가양역,다양성,4.97
가양역,특별함,7.59
화곡동,분위기,0.06
화곡동,사교 활동,7.2
화곡동,시각적 요소,6.38
화곡동,경험,3.03
화곡동,다양성,4.87
화곡동,특별함,6.17
등촌,분위기,0.22
등촌,사교 활동,9.94
등촌,시각적 요소,8.32
등촌,경험,3.96
등촌,다양성,5.45
등촌,특별함,8.54
발산역5번출구,분위기,8.82
발산역5번출구,사교 활동,48.76
발산역5번출구,시각적 요소,21.28
발산역5번출구,경험,13.94
발산역5번출구,다양성,23.65
발산역5번출구,특별함,27.28
화곡역8번출구,분위기,1.26
화곡역8번출구,사교 활동,10.18
화곡역8번출구,시각적 요소,7.08
화곡역8번출구,경험,3.86
화곡역8번출구,다양성,6.1
화곡역8번출구,특별함,9.52
강서우장산,분위기,1.32
강서우장산,사교 활동,10.41
강서우장산,시각적 요소,8.62
강서우장산,경험,3.79
강서우장산,다양성,6.85
강서우장산,특별함,8.29
등촌대로,분위기,1.68
등촌대로,사교 활동,8.42
등촌대로,시각적 요소,6.66
등촌대로,경험,3.26
등촌대로,다양성,5.22
등촌대로,특별함,6.46
가양역사거리,분위기,-0.42
가양역사거리,사교 활동,6.91
가양역사거리,시각적 요소,5.74
가양역사거리,경험,2.8
가양역사거리,다양성,4.54
가양역사거리,특별함,5.93
내발산,분위기,1.05
내발산,사교 활동,9.45
내발산,시각적 요소,7.38
내발산,경험,3.82
내발산,다양성,5.63
내발산,특별함,7.24
마곡웰튼,분위기,1.37
마곡웰튼,사교 활동,8.98
마곡웰튼,시각적 요소,6.79
마곡웰튼,경험,3.44
마곡웰튼,다양성,5.55
마곡웰튼,특별함,7.13
김포공항DT,분위기,1.82
김포공항DT,사교 활동,14.39
김포공항DT,시각적 요소,5.59
김포공항DT,경험,5.08
김포공항DT,다양성,6.19
김포공항DT,특별함,8.52
강서NC,분위기,6.06
강서NC,사교 활동,9.22
강서NC,시각적 요소,7.88
강서NC,경험,3.59
강서NC,다양성,5.51
강서NC,특별함,6.92
마곡나루공원,분위기,0.64
마곡나루공원,사교 활동,7.01
마곡나루공원,시각적 요소,3.98
마곡나루공원,경험,2.98
마곡나루공원,다양성,4.76
마곡나루공원,특별함,5.03
송정역,분위기,15.17
송정역,사교 활동,47.5
송정역,시각적 요소,24.33
송정역,경험,12.32
송정역,다양성,19.72
송정역,특별함,35.91
관악서울대입구R,분위기,0.13
관악서울대입구R,사교 활동,7.61
관악서울대입구R,시각적 요소,5.29
관악서울대입구R,경험,3.11
관악서울대입구R,다양성,4.61
관악서울대입구R,특별함,5.6
신림DT,분위기,-0.36
신림DT,사교 활동,9.34
신림DT,시각적 요소,6.11
신림DT,경험,3.39
신림DT,다양성,5.01
신림DT,특별함,6.22
서울대역,분위기,-0.83
서울대역,사교 활동,7.82
서울대역,시각적 요소,6.31
서울대역,경험,2.97
서울대역,다양성,4.71
서울대역,특별함,5.64
낙성대DT,분위기,-0.97
낙성대DT,사교 활동,9.06
낙성대DT,시각적 요소,5.73
낙성대DT,경험,3.28
낙성대DT,다양성,4.77
낙성대DT,특별함,5.18
사당,분위기,1.19
사당,사교 활동,9.16
사당,시각적 요소,6.12
사당,경험,3.39
사당,다양성,4.84
사당,특별함,5.9
보라매대교,분위기,0.24
보라매대교,사교 활동,7.46
보라매대교,시각적 요소,6.25
보라매대교,경험,3.08
보라매대교,다양성,4.79
보라매대교,특별함,5.43
신림,분위기,-0.2
신림,사교 활동,11.14
신림,시각적 요소,7.79
신림,경험,3.59
신림,다양성,5.17
신림,특별함,6.11
서울대입구역,분위기,-1.69
서울대입구역,사교 활동,7.54
서울대입구역,시각적 요소,5.47
서울대입구역,경험,2.9
서울대입구역,다양성,4.63
서울대입구역,특별함,4.45
서울대입구역8번출구,분위기,4.79
서울대입구역8번출구,사교 활동,20.06
서울대입구역8번출구,시각적 요소,10.11
서울대입구역8번출구,경험,6.57
서울대입구역8번출구,다양성,12.64
서울대입구역8번출구,특별함,11.51
봉천역,분위기,0.14
봉천역,사교 활동,9.62
봉천역,시각적 요소,5.94
봉천역,경험,3.59
봉천역,다양성,5.12
봉천역,특별함,4.8
봉천현대시장,분위기,74.84
봉천현대시장,사교 활동,321.5
봉천현대시장,시각적 요소,53.74
봉천현대시장,경험,93.76
봉천현대시장,다양성,98.86
봉천현대시장,특별함,214.21
건국대,분위기,-0.61
건국대,사교 활동,7.22
건국대,시각적 요소,5.71
건국대,경험,2.93
건국대,다양성,4.76
건국대,특별함,4.91
어린이대공원역,분위기,0.21
어린이대공원역,사교 활동,8.53
어린이대공원역,시각적 요소,5.51
어린이대공원역,경험,3.43
어린이대공원역,다양성,5.58
어린이대공원역,특별함,6.59
아차산역,분위기,-0.08
아차산역,사교 활동,6.55
아차산역,시각적 요소,5.57
아차산역,경험,2.97
아차산역,다양성,4.5
아차산역,특별함,4.98
올림픽대교북단,분위기,1.6
올림픽대교북단,사교 활동,9.28
올림픽대교북단,시각적 요소,9.14
올림픽대교북단,경험,3.83
올림픽대교북단,다양성,5.99
올림픽대교북단,특별함,6.7
구의DT,분위기,1.3
구의DT,사교 활동,9.17
구의DT,시각적 요소,7.64
구의DT,경험,3.92
구의DT,다양성,5.64
구의DT,특별함,6.28
자양사거리,분위기,0.25
자양사거리,사교 활동,9.14
자양사거리,시각적 요소,7.29
자양사거리,경험,3.59
자양사거리,다양성,5.42
자양사거리,특별함,9.07
군자역,분위기,-0.4
군자역,사교 활동,6.4
군자역,시각적 요소,5.95
군자역,경험,2.92
군자역,다양성,4.64
군자역,특별함,5.54
광나루,분위기,0.32
광나루,사교 활동,8.85
광나루,시각적 요소,8.11
광나루,경험,4.05
광나루,다양성,5.94
광나루,특별함,7.19
건대스타시티,분위기,7.32
건대스타시티,사교 활동,12.48
건대스타시티,시각적 요소,12.73
건대스타시티,경험,4.59
건대스타시티,다양성,7.08
건대스타시티,특별함,8.91
구의역,분위기,-0.38
구의역,사교 활동,7.1
구의역,시각적 요소,6.74
구의역,경험,3.09
구의역,다양성,4.96
구의역,특별함,5.99
광장,분위기,2.7
광장,사교 활동,11.53
광장,시각적 요소,11.47
광장,경험,5.08
광장,다양성,7.52
광장,특별함,14.53
건국클래식,분위기,1.22
건국클래식,사교 활동,10.96
건국클래식,시각적 요소,8.25
건국클래식,경험,4.14
건국클래식,다양성,6.02
건국클래식,특별함,6.96
화양삼거리,분위기,27.78
화양삼거리,사교 활동,75.77
화양삼거리,시각적 요소,44.2
화양삼거리,경험,15.59
화양삼거리,다양성,48.26
화양삼거리,특별함,32.17
금천독산,분위기,1.69
금천독산,사교 활동,9.94
금천독산,시각적 요소,6.75
금천독산,경험,3.82
금천독산,다양성,5.19
금천독산,특별함,7.73
가산디지털,분위기,0.79
가산디지털,사교 활동,8.47
가산디지털,시각적 요소,6.29
가산디지털,경험,3.33
가산디지털,다양성,4.84
가산디지털,특별함,6.52
독산역,분위기,0.72
독산역,사교 활동,9.78
독산역,시각적 요소,6.27
독산역,경험,3.44
독산역,다양성,5.34
독산역,특별함,6.91
가산퍼블릭,분위기,12.72
가산퍼블릭,사교 활동,59.28
가산퍼블릭,시각적 요소,11.62
가산퍼블릭,경험,28.15
가산퍼블릭,다양성,32.09
가산퍼블릭,특별함,55.65
가산현대아울렛,분위기,4.58
가산현대아울렛,사교 활동,9.37
가산현대아울렛,시각적 요소,7.02
가산현대아울렛,경험,3.65
가산현대아울렛,다양성,5.97
가산현대아울렛,특별함,8.29
가산케이에스,분위기,8.08
가산케이에스,사교 활동,34.08
가산케이에스,시각적 요소,15.5
가산케이에스,경험,7.62
가산케이에스,다양성,16.81
가산케이에스,특별함,14.36
가산어반워크,분위기,43.45
가산어반워크,사교 활동,148.04
가산어반워크,시각적 요소,125.59
가산어반워크,경험,84.05
가산어반워크,다양성,122.6
가산어반워크,특별함,531.03
가산그레이트,분위기,4.89
가산그레이트,사교 활동,11.58
가산그레이트,시각적 요소,8.0
가산그레이트,경험,4.35
가산그레이트,다양성,6.41
가산그레이트,특별함,9.38
월계역,분위기,1.6
월계역,사교 활동,10.24
월계역,시각적 요소,8.55
월계역,경험,3.69
월계역,다양성,5.78
월계역,특별함,8.35
월계트레이더스,분위기,4.58
월계트레이더스,사교 활동,7.88
월계트레이더스,시각적 요소,6.59
월계트레이더스,경험,3.16
월계트레이더스,다양성,4.54
월계트레이더스,특별함,5.19
상계초교사거리,분위기,-1.02
상계초교사거리,사교 활동,5.65
상계초교사거리,시각적 요소,4.71
상계초교사거리,경험,2.43
상계초교사거리,다양성,4.19
상계초교사거리,특별함,4.0
공릉DT,분위기,0.51
공릉DT,사교 활동,7.92
공릉DT,시각적 요소,5.29
공릉DT,경험,3.17
공릉DT,다양성,4.74
공릉DT,특별함,5.2
노원마들역,분위기,-0.02
노원마들역,사교 활동,6.31
노원마들역,시각적 요소,6.07
노원마들역,경험,2.81
노원마들역,다양성,4.42
노원마들역,특별함,4.27
공릉역,분위기,-0.59
공릉역,사교 활동,6.96
공릉역,시각적 요소,5.67
공릉역,경험,2.94
공릉역,다양성,4.69
공릉역,특별함,4.85
은행사거리,분위기,0.71
은행사거리,사교 활동,9.14
은행사거리,시각적 요소,7.69
은행사거리,경험,3.18
은행사거리,다양성,4.8
은행사거리,특별함,5.54
노원KT,분위기,-0.29
노원KT,사교 활동,7.09
노원KT,시각적 요소,6.09
노원KT,경험,3.07
노원KT,다양성,4.72
노원KT,특별함,5.43
광운대,분위기,0.59
광운대,사교 활동,13.1
광운대,시각적 요소,9.92
광운대,경험,3.98
광운대,다양성,6.12
광운대,특별함,7.32
태릉입구역DT,분위기,-0.45
태릉입구역DT,사교 활동,8.39
태릉입구역DT,시각적 요소,4.95
태릉입구역DT,경험,3.23
태릉입구역DT,다양성,5.08
태릉입구역DT,특별함,4.97
노원상계,분위기,0.8
노원상계,사교 활동,8.09
노원상계,시각적 요소,5.55
노원상계,경험,3.5
노원상계,다양성,5.35
노원상계,특별함,5.74
방학역,분위기,0.14
방학역,사교 활동,6.55
방학역,시각적 요소,5.13
방학역,경험,2.76
방학역,다양성,4.33
방학역,특별함,4.74
창동역,분위기,8.1
창동역,사교 활동,17.95
창동역,시각적 요소,9.31
창동역,경험,6.37
창동역,다양성,11.5
창동역,특별함,13.53
노량진동,분위기,-0.57
노량진동,사교 활동,10.1
노량진동,시각적 요소,6.74
노량진동,경험,3.57
노량진동,다양성,5.39
노량진동,특별함,8.26
남성역,분위기,-0.21
남성역,사교 활동,7.8
남성역,시각적 요소,6.32
남성역,경험,3.14
남성역,다양성,4.87
남성역,특별함,5.61
상도역,분위기,-0.73
상도역,사교 활동,9.39
상도역,시각적 요소,5.55
상도역,경험,3.17
상도역,다양성,4.98
상도역,특별함,5.5
보라매공원R,분위기,-0.02
보라매공원R,사교 활동,6.52
보라매공원R,시각적 요소,4.54
보라매공원R,경험,2.79
보라매공원R,다양성,4.37
보라매공원R,특별함,4.84
이수자이,분위기,1.1
이수자이,사교 활동,7.62
이수자이,시각적 요소,6.77
이수자이,경험,3.3
이수자이,다양성,5.05
이수자이,특별함,6.9
노량진역,분위기,-0.46
노량진역,사교 활동,7.12
노량진역,시각적 요소,5.66
노량진역,경험,2.91
노량진역,다양성,4.55
노량진역,특별함,5.95
신대방삼거리역,분위기,-0.87
신대방삼거리역,사교 활동,6.59
신대방삼거리역,시각적 요소,5.77
신대방삼거리역,경험,2.75
신대방삼거리역,다양성,4.38
신대방삼거리역,특별함,5.51
중앙대,분위기,0.77
중앙대,사교 활동,16.64
중앙대,시각적 요소,8.78
중앙대,경험,4.42
중앙대,다양성,6.82
중앙대,특별함,8.73
숭실대입구역,분위기,-0.21
숭실대입구역,사교 활동,10.13
숭실대입구역,시각적 요소,8.87
숭실대입구역,경험,3.6
숭실대입구역,다양성,5.81
숭실대입구역,특별함,6.28
숭실대,분위기,-0.15
숭실대,사교 활동,11.35
숭실대,시각적 요소,9.98
숭실대,경험,4.21
숭실대,다양성,6.58
숭실대,특별함,7.88
사당역,분위기,-0.79
사당역,사교 활동,5.94
사당역,시각적 요소,5.54
사당역,경험,2.77
사당역,다양성,4.52
사당역,특별함,5.02
서강대프라자,분위기,2.9
서강대프라자,사교 활동,18.73
서강대프라자,시각적 요소,16.36
서강대프라자,경험,7.34
서강대프라자,다양성,9.5
서강대프라자,특별함,28.36
상암YTN,분위기,0.78
상암YTN,사교 활동,8.26
상암YTN,시각적 요소,6.27
상암YTN,경험,3.33
상암YTN,다양성,5.36
상암YTN,특별함,5.99
마포용강동,분위기,0.85
마포용강동,사교 활동,7.84
마포용강동,시각적 요소,6.94
마포용강동,경험,3.51
마포용강동,다양성,6.26
마포용강동,특별함,10.22
홍대입구역사거리R,분위기,0.11
홍대입구역사거리R,사교 활동,7.2
홍대입구역사거리R,시각적 요소,4.61
홍대입구역사거리R,경험,2.84
홍대입구역사거리R,다양성,4.53
홍대입구역사거리R,특별함,5.33
마포경찰서후문,분위기,2.29
마포경찰서후문,사교 활동,10.48
마포경찰서후문,시각적 요소,6.87
마포경찰서후문,경험,4.46
마포경찰서후문,다양성,6.58
마포경찰서후문,특별함,12.48
공덕,분위기,1.59
공덕,사교 활동,8.07
공덕,시각적 요소,7.6
공덕,경험,3.41
공덕,다양성,5.3
공덕,특별함,7.14
합정폴리스R,분위기,2.67
합정폴리스R,사교 활동,8.33
합정폴리스R,시각적 요소,5.85
합정폴리스R,경험,3.65
합정폴리스R,다양성,5.78
합정폴리스R,특별함,7.11
홍대공항철도역,분위기,-0.18
홍대공항철도역,사교 활동,7.12
홍대공항철도역,시각적 요소,5.49
홍대공항철도역,경험,3.02
홍대공항철도역,다양성,4.63
홍대공항철도역,특별함,5.54
마포염리,분위기,2.08
마포염리,사교 활동,7.09
마포염리,시각적 요소,4.73
마포염리,경험,3.06
마포염리,다양성,5.07
마포염리,특별함,6.04
서강광흥창역,분위기,1.3
서강광흥창역,사교 활동,12.24
서강광흥창역,시각적 요소,9.97
서강광흥창역,경험,4.4
서강광흥창역,다양성,5.65
서강광흥창역,특별함,8.12
합정,분위기,-0.07
합정,사교 활동,8.37
합정,시각적 요소,6.92
합정,경험,3.54
합정,다양성,5.44
합정,특별함,8.27
서교동사거리,분위기,-0.34
서교동사거리,사교 활동,8.67
서교동사거리,시각적 요소,5.89
서교동사거리,경험,3.26
서교동사거리,다양성,5.28
서교동사거리,특별함,7.01
상암사보이시티,분위기,-0.26
상암사보이시티,사교 활동,8.29
상암사보이시티,시각적 요소,6.49
상암사보이시티,경험,3.27
상암사보이시티,다양성,5.06
상암사보이시티,특별함,7.89
신촌오거리,분위기,-0.26
신촌오거리,사교 활동,7.74
신촌오거리,시각적 요소,6.04
신촌오거리,경험,3.3
신촌오거리,다양성,5.36
신촌오거리,특별함,7.71
상암디지털큐브,분위기,1.2
상암디지털큐브,사교 활동,9.55
상암디지털큐브,시각적 요소,6.23
상암디지털큐브,경험,3.44
상암디지털큐브,다양성,5.11
상암디지털큐브,특별함,6.08
상수역,분위기,0.36
상수역,사교 활동,9.22
상수역,시각적 요소,6.51
상수역,경험,3.78
상수역,다양성,5.27
상수역,특별함,6.63
공덕오거리,분위기,2.24
공덕오거리,사교 활동,10.27
공덕오거리,시각적 요소,7.06
공덕오거리,경험,3.9
공덕오거리,다양성,5.62
공덕오거리,특별함,9.6
서강대,분위기,1.64
서강대,사교 활동,12.85
서강대,시각적 요소,11.38
서강대,경험,5.44
서강대,다양성,8.93
서강대,특별함,13.18
상암MBC,분위기,1.98
상암MBC,사교 활동,9.69
상암MBC,시각적 요소,7.33
상암MBC,경험,4.01
상암MBC,다양성,6.05
상암MBC,특별함,8.4
홍대역,분위기,0.25
홍대역,사교 활동,7.35
홍대역,시각적 요소,6.62
홍대역,경험,3.12
홍대역,다양성,4.77
홍대역,특별함,5.64
동교,분위기,-0.45
동교,사교 활동,8.76
동교,시각적 요소,6.97
동교,경험,3.5
동교,다양성,5.19
동교,특별함,7.15
애오개역,분위기,1.66
애오개역,사교 활동,13.5
애오개역,시각적 요소,11.01
애오개역,경험,4.91
애오개역,다양성,6.52
애오개역,특별함,12.74
상암DMC,분위기,3.02
상암DMC,사교 활동,12.71
상암DMC,시각적 요소,8.03
상암DMC,경험,4.07
상암DMC,다양성,5.84
상암DMC,특별함,8.17
마포일진빌딩,분위기,-0.24
마포일진빌딩,사교 활동,7.78
마포일진빌딩,시각적 요소,6.64
마포일진빌딩,경험,3.21
마포일진빌딩,다양성,5.11
마포일진빌딩,특별함,6.88
마포아크로,분위기,6.73
마포아크로,사교 활동,13.92
마포아크로,시각적 요소,9.42
마포아크로,경험,4.27
마포아크로,다양성,5.88
마포아크로,특별함,11.87
홍대삼거리,분위기,0.35
홍대삼거리,사교 활동,9.24
홍대삼거리,시각적 요소,7.67
홍대삼거리,경험,3.91
홍대삼거리,다양성,6.18
홍대삼거리,특별함,7.54
망원역,분위기,-0.88
망원역,사교 활동,6.77
망원역,시각적 요소,4.95
망원역,경험,2.53
망원역,다양성,4.17
망원역,특별함,4.26
마포이마트,분위기,3.41
마포이마트,사교 활동,15.92
마포이마트,시각적 요소,10.32
마포이마트,경험,4.66
마포이마트,다양성,6.98
마포이마트,특별함,11.85
합정메세나몰,분위기,1.09
합정메세나몰,사교 활동,8.86
합정메세나몰,시각적 요소,9.3
합정메세나몰,경험,3.73
합정메세나몰,다양성,5.75
합정메세나몰,특별함,8.25
아현역대로,분위기,4.33
아현역대로,사교 활동,23.55
아현역대로,시각적 요소,10.19
아현역대로,경험,7.11
아현역대로,다양성,9.04
아현역대로,특별함,16.19
디지털미디어시티역,분위기,0.57
디지털미디어시티역,사교 활동,9.12
디지털미디어시티역,시각적 요소,5.91
디지털미디어시티역,경험,3.42
디지털미디어시티역,다양성,6.13
디지털미디어시티역,특별함,7.51
홍대역8번출구,분위기,1.07
홍대역8번출구,사교 활동,8.07
홍대역8번출구,시각적 요소,6.41
홍대역8번출구,경험,3.18
홍대역8번출구,다양성,4.84
홍대역8번출구,특별함,6.75
합정푸르지오,분위기,6.83
합정푸르지오,사교 활동,22.98
합정푸르지오,시각적 요소,13.77
합정푸르지오,경험,7.73
합정푸르지오,다양성,10.34
합정푸르지오,특별함,16.46
홍대동교,분위기,2.66
홍대동교,사교 활동,12.0
홍대동교,시각적 요소,6.61
홍대동교,경험,4.49
홍대동교,다양성,7.24
홍대동교,특별함,8.94
망원한강공원,분위기,2.44
망원한강공원,사교 활동,6.75
망원한강공원,시각적 요소,3.41
망원한강공원,경험,2.72
망원한강공원,다양성,4.28
망원한강공원,특별함,5.07
마포구청역,분위기,22.14
마포구청역,사교 활동,91.83
마포구청역,시각적 요소,42.33
마포구청역,경험,18.15
마포구청역,다양성,30.62
마포구청역,특별함,48.92
가재울뉴타운,분위기,2.29
가재울뉴타운,사교 활동,9.99
가재울뉴타운,시각적 요소,7.47
가재울뉴타운,경험,3.67
가재울뉴타운,다양성,5.46
가재울뉴타운,특별함,9.18
남가좌사거리,분위기,-0.61
남가좌사거리,사교 활동,8.06
남가좌사거리,시각적 요소,6.55
남가좌사거리,경험,3.07
남가좌사거리,다양성,5.06
남가좌사거리,특별함,7.66
신촌역,분위기,0.02
신촌역,사교 활동,10.41
신촌역,시각적 요소,7.67
신촌역,경험,3.92
신촌역,다양성,5.98
신촌역,특별함,7.82
아현역,분위기,3.31
아현역,사교 활동,12.28
아현역,시각적 요소,10.29
아현역,경험,4.62
아현역,다양성,6.08
아현역,특별함,11.12
홍제역,분위기,-0.49
홍제역,사교 활동,6.28
홍제역,시각적 요소,6.29
홍제역,경험,2.8
홍제역,다양성,4.25
홍제역,특별함,4.12
연세백양로,분위기,0.89
연세백양로,사교 활동,10.6
연세백양로,시각적 요소,9.47
연세백양로,경험,4.26
연세백양로,다양성,6.96
연세백양로,특별함,7.95
연희DT,분위기,0.24
연희DT,사교 활동,10.63
연희DT,시각적 요소,6.15
연희DT,경험,3.61
연희DT,다양성,5.81
연희DT,특별함,6.45
경기대,분위기,7.13
경기대,사교 활동,15.87
경기대,시각적 요소,11.19
경기대,경험,5.53
경기대,다양성,7.27
경기대,특별함,11.33
신촌,분위기,-1.21
신촌,사교 활동,8.55
신촌,시각적 요소,6.65
신촌,경험,3.34
신촌,다양성,5.51
신촌,특별함,6.37
이대ECC,분위기,0.1
이대ECC,사교 활동,9.84
이대ECC,시각적 요소,7.52
이대ECC,경험,3.99
이대ECC,다양성,6.1
이대ECC,특별함,8.09
연대,분위기,0.07
연대,사교 활동,10.7
연대,시각적 요소,8.79
연대,경험,4.2
연대,다양성,6.71
연대,특별함,8.56
충정로역,분위기,2.42
충정로역,사교 활동,11.61
충정로역,시각적 요소,7.6
충정로역,경험,4.58
충정로역,다양성,6.31
충정로역,특별함,8.77
신촌명물거리,분위기,0.27
신촌명물거리,사교 활동,9.55
신촌명물거리,시각적 요소,6.97
신촌명물거리,경험,3.95
신촌명물거리,다양성,6.14
신촌명물거리,특별함,8.3
현대신촌,분위기,8.42
현대신촌,사교 활동,13.19
현대신촌,시각적 요소,12.27
현대신촌,경험,4.37
현대신촌,다양성,6.14
현대신촌,특별함,8.57
연희동,분위기,-0.06
연희동,사교 활동,9.32
연희동,시각적 요소,9.17
연희동,경험,3.67
연희동,다양성,6.04
연희동,특별함,6.82
방배로,분위기,1.75
방배로,사교 활동,10.04
방배로,시각적 요소,8.39
방배로,경험,4.65
방배로,다양성,7.21
방배로,특별함,10.55
강남교보타워R,분위기,1.5
강남교보타워R,사교 활동,9.59
강남교보타워R,시각적 요소,5.67
강남교보타워R,경험,3.49
강남교보타워R,다양성,5.03
강남교보타워R,특별함,5.98
센트럴F1,분위기,2.2
센트럴F1,사교 활동,8.29
센트럴F1,시각적 요소,6.41
센트럴F1,경험,3.12
센트럴F1,다양성,4.68
센트럴F1,특별함,5.46
서초역이화빌딩,분위기,2.14
서초역이화빌딩,사교 활동,14.5
서초역이화빌딩,시각적 요소,9.97
서초역이화빌딩,경험,4.87
서초역이화빌딩,다양성,6.29
서초역이화빌딩,특별함,10.2
서초구청,분위기,1.12
서초구청,사교 활동,8.78
서초구청,시각적 요소,6.96
서초구청,경험,3.56
서초구청,다양성,5.68
서초구청,특별함,6.99
서초우성사거리,분위기,-0.17
서초우성사거리,사교 활동,7.64
서초우성사거리,시각적 요소,5.72
서초우성사거리,경험,3.04
서초우성사거리,다양성,4.87
서초우성사거리,특별함,6.43
이수역사거리,분위기,-0.02
이수역사거리,사교 활동,7.32
이수역사거리,시각적 요소,5.89
이수역사거리,경험,3.27
이수역사거리,다양성,5.13
이수역사거리,특별함,6.79
강남대로신사,분위기,1.02
강남대로신사,사교 활동,10.9
강남대로신사,시각적 요소,8.6
강남대로신사,경험,4.43
강남대로신사,다양성,6.26
강남대로신사,특별함,8.31
서울고속터미널,분위기,1.36
서울고속터미널,사교 활동,7.05
서울고속터미널,시각적 요소,6.83
서울고속터미널,경험,2.84
서울고속터미널,다양성,4.58
서울고속터미널,특별함,5.39
방배,분위기,2.29
방배,사교 활동,10.93
방배,시각적 요소,8.32
방배,경험,4.42
방배,다양성,6.55
방배,특별함,11.66
방배카페거리,분위기,0.43
방배카페거리,사교 활동,10.41
방배카페거리,시각적 요소,8.93
방배카페거리,경험,3.85
방배카페거리,다양성,6.33
방배카페거리,특별함,7.9
서초법원,분위기,1.81
서초법원,사교 활동,10.83
서초법원,시각적 요소,8.32
서초법원,경험,4.29
서초법원,다양성,6.15
서초법원,특별함,9.47
청계산입구역,분위기,1.56
청계산입구역,사교 활동,9.52
청계산입구역,시각적 요소,8.49
청계산입구역,경험,4.44
청계산입구역,다양성,6.56
청계산입구역,특별함,12.03
사당로데오,분위기,0.66
사당로데오,사교 활동,7.4
사당로데오,시각적 요소,6.58
사당로데오,경험,3.23
사당로데오,다양성,5.28
사당로데오,특별함,5.09
파미에파크R,분위기,1.39
파미에파크R,사교 활동,6.12
파미에파크R,시각적 요소,3.9
파미에파크R,경험,2.78
파미에파크R,다양성,4.38
파미에파크R,특별함,4.77
양재역,분위기,0.02
양재역,사교 활동,7.86
양재역,시각적 요소,5.91
양재역,경험,3.22
양재역,다양성,4.71
양재역,특별함,6.31
논현역,분위기,1.16
논현역,사교 활동,13.3
논현역,시각적 요소,8.03
논현역,경험,4.62
논현역,다양성,6.53
논현역,특별함,12.11
이수역,분위기,-0.29
이수역,사교 활동,7.44
이수역,시각적 요소,6.28
이수역,경험,3.2
이수역,다양성,5.28
이수역,특별함,6.04
내방역,분위기,1.0
내방역,사교 활동,10.33
내방역,시각적 요소,9.48
내방역,경험,4.05
내방역,다양성,6.9
내방역,특별함,9.27
서초파라곤,분위기,1.17
서초파라곤,사교 활동,13.79
서초파라곤,시각적 요소,11.4
서초파라곤,경험,4.74
서초파라곤,다양성,7.09
서초파라곤,특별함,13.57
서울아트센터,분위기,2.12
서울아트센터,사교 활동,9.32
서울아트센터,시각적 요소,6.21
서울아트센터,경험,3.7
서울아트센터,다양성,6.09
서울아트센터,특별함,7.41
서초중앙로,분위기,2.38
서초중앙로,사교 활동,10.77
서초중앙로,시각적 요소,9.05
서초중앙로,경험,4.59
서초중앙로,다양성,7.1
서초중앙로,특별함,11.08
센트럴시티,분위기,0.81
센트럴시티,사교 활동,6.19
센트럴시티,시각적 요소,5.9
센트럴시티,경험,2.8
센트럴시티,다양성,4.42
센트럴시티,특별함,5.2
강남삼성타운,분위기,0.82
강남삼성타운,사교 활동,9.32
강남삼성타운,시각적 요소,8.06
강남삼성타운,경험,3.82
강남삼성타운,다양성,5.99
강남삼성타운,특별함,7.2
방배역,분위기,1.16
방배역,사교 활동,11.2
방배역,시각적 요소,8.52
방배역,경험,4.49
방배역,다양성,6.65
방배역,특별함,9.06
반포역,분위기,10.16
반포역,사교 활동,19.09
반포역,시각적 요소,13.15
반포역,경험,6.93
반포역,다양성,10.82
반포역,특별함,19.91
남부터미널,분위기,4.48
남부터미널,사교 활동,11.89
남부터미널,시각적 요소,9.04
남부터미널,경험,3.76
남부터미널,다양성,5.31
남부터미널,특별함,8.11
뉴코아강남,분위기,5.2
뉴코아강남,사교 활동,9.3
뉴코아강남,시각적 요소,9.65
뉴코아강남,경험,4.29
뉴코아강남,다양성,6.57
뉴코아강남,특별함,8.95
강남서초초교,분위기,0.06
강남서초초교,사교 활동,7.94
강남서초초교,시각적 요소,6.83
강남서초초교,경험,3.27
강남서초초교,다양성,5.43
강남서초초교,특별함,7.58
교대,분위기,5.33
교대,사교 활동,19.28
교대,시각적 요소,13.72
교대,경험,5.04
교대,다양성,7.0
교대,특별함,10.19
하이브랜드,분위기,3.76
하이브랜드,사교 활동,14.7
하이브랜드,시각적 요소,9.13
하이브랜드,경험,4.51
하이브랜드,다양성,6.2
하이브랜드,특별함,10.87
신논현역,분위기,0.31
신논현역,사교 활동,10.3
신논현역,시각적 요소,8.44
신논현역,경험,4.06
신논현역,다양성,5.96
신논현역,특별함,9.1
영동2교,분위기,1.11
영동2교,사교 활동,9.81
영동2교,시각적 요소,8.24
영동2교,경험,3.87
영동2교,다양성,5.53
영동2교,특별함,7.61
남부터미널역5번출구,분위기,0.86
남부터미널역5번출구,사교 활동,9.16
남부터미널역5번출구,시각적 요소,7.54
남부터미널역5번출구,경험,3.52
남부터미널역5번출구,다양성,5.21
남부터미널역5번출구,특별함,7.28
서래마을입구,분위기,4.66
서래마을입구,사교 활동,14.98
서래마을입구,시각적 요소,12.69
서래마을입구,경험,4.43
서래마을입구,다양성,6.7
서래마을입구,특별함,11.33
교대법원,분위기,2.95
교대법원,사교 활동,11.86
교대법원,시각적 요소,10.62
교대법원,경험,4.37
교대법원,다양성,6.87
교대법원,특별함,10.43
반포자이,분위기,10.66
반포자이,사교 활동,23.37
반포자이,시각적 요소,15.05
반포자이,경험,8.84
반포자이,다양성,11.69
반포자이,특별함,32.66
서초태우빌딩,분위기,88.32
서초태우빌딩,사교 활동,321.5
서초태우빌딩,시각적 요소,50.95
서초태우빌딩,경험,40.47
서초태우빌딩,다양성,91.72
서초태우빌딩,특별함,355.02
반포원베일리,분위기,33.68
반포원베일리,사교 활동,97.03
반포원베일리,시각적 요소,26.56
반포원베일리,경험,23.53
반포원베일리,다양성,35.84
반포원베일리,특별함,73.2
강남역우송빌딩,분위기,6.09
강남역우송빌딩,사교 활동,24.15
강남역우송빌딩,시각적 요소,15.91
강남역우송빌딩,경험,9.08
강남역우송빌딩,다양성,14.94
강남역우송빌딩,특별함,22.06
서이초교사거리,분위기,0.12
서이초교사거리,사교 활동,11.19
서이초교사거리,시각적 요소,7.94
서이초교사거리,경험,4.21
서이초교사거리,다양성,6.22
서이초교사거리,특별함,9.1
서울웨이브아트센터,분위기,3.28
서울웨이브아트센터,사교 활동,8.48
서울웨이브아트센터,시각적 요소,3.52
서울웨이브아트센터,경험,3.51
서울웨이브아트센터,다양성,4.81
서울웨이브아트센터,특별함,6.37
길음역,분위기,-1.65
길음역,사교 활동,7.44
길음역,시각적 요소,7.83
길음역,경험,3.07
길음역,다양성,4.95
길음역,특별함,5.25
미아이마트,분위기,0.4
미아이마트,사교 활동,7.55
미아이마트,시각적 요소,7.01
미아이마트,경험,3.16
미아이마트,다양성,4.97
미아이마트,특별함,6.34
종암DT,분위기,-0.45
종암DT,사교 활동,8.94
종암DT,시각적 요소,5.84
종암DT,경험,3.16
종암DT,다양성,4.86
종암DT,특별함,4.84
미아,분위기,-0.46
미아,사교 활동,10.66
미아,시각적 요소,6.28
미아,경험,3.42
미아,다양성,5.31
미아,특별함,6.32
성신여대정문,분위기,-1.2
성신여대정문,사교 활동,6.89
성신여대정문,시각적 요소,5.67
성신여대정문,경험,2.75
성신여대정문,다양성,4.44
성신여대정문,특별함,4.67
종암,분위기,0.42
종암,사교 활동,8.1
종암,시각적 요소,7.05
종암,경험,3.34
종암,다양성,5.15
종암,특별함,5.15
삼선교,분위기,0.02
삼선교,사교 활동,9.64
삼선교,시각적 요소,6.63
삼선교,경험,3.48
삼선교,다양성,5.39
삼선교,특별함,6.73
월곡역,분위기,0.72
월곡역,사교 활동,9.26
월곡역,시각적 요소,7.12
월곡역,경험,3.67
월곡역,다양성,5.22
월곡역,특별함,7.94
고대,분위기,0.19
고대,사교 활동,11.88
고대,시각적 요소,8.2
고대,경험,4.38
고대,다양성,6.29
고대,특별함,7.3
현대미아,분위기,9.11
현대미아,사교 활동,9.34
현대미아,시각적 요소,10.05
현대미아,경험,3.85
현대미아,다양성,5.27
현대미아,특별함,5.96
성신여대,분위기,-1.21
성신여대,사교 활동,7.5
성신여대,시각적 요소,6.13
성신여대,경험,3.14
성신여대,다양성,4.91
성신여대,특별함,5.41
안암역,분위기,-0.48
안암역,사교 활동,10.77
안암역,시각적 요소,7.69
안암역,경험,3.94
안암역,다양성,6.1
안암역,특별함,6.41
한성대입구역,분위기,-0.59
한성대입구역,사교 활동,6.34
한성대입구역,시각적 요소,6.55
한성대입구역,경험,3.07
한성대입구역,다양성,4.92
한성대입구역,특별함,5.48
성신여대입구역,분위기,17.69
성신여대입구역,사교 활동,46.47
성신여대입구역,시각적 요소,16.0
성신여대입구역,경험,14.32
성신여대입구역,다양성,22.88
성신여대입구역,특별함,48.85
송파나루역DT,분위기,-0.17
송파나루역DT,사교 활동,7.39
송파나루역DT,시각적 요소,5.05
송파나루역DT,경험,3.22
송파나루역DT,다양성,4.9
송파나루역DT,특별함,5.57
문정역,분위기,0.84
문정역,사교 활동,8.71
문정역,시각적 요소,7.62
문정역,경험,3.46
문정역,다양성,5.29
문정역,특별함,7.69
송파위례,분위기,2.15
송파위례,사교 활동,8.98
송파위례,시각적 요소,7.95
송파위례,경험,3.83
송파위례,다양성,6.23
송파위례,특별함,8.79
송파방이DT,분위기,0.78
송파방이DT,사교 활동,9.81
송파방이DT,시각적 요소,4.87
송파방이DT,경험,2.91
송파방이DT,다양성,4.33
송파방이DT,특별함,7.07
올림픽평화의문,분위기,0.72
올림픽평화의문,사교 활동,9.48
올림픽평화의문,시각적 요소,5.72
올림픽평화의문,경험,3.77
올림픽평화의문,다양성,5.61
올림픽평화의문,특별함,5.94
송파아이파크,분위기,2.25
송파아이파크,사교 활동,14.1
송파아이파크,시각적 요소,9.95
송파아이파크,경험,4.45
송파아이파크,다양성,6.58
송파아이파크,특별함,10.56
송파사거리,분위기,-0.27
송파사거리,사교 활동,8.95
송파사거리,시각적 요소,5.99
송파사거리,경험,3.45
송파사거리,다양성,5.29
송파사거리,특별함,6.28
석촌서호,분위기,0.64
석촌서호,사교 활동,6.81
석촌서호,시각적 요소,5.23
석촌서호,경험,3.04
석촌서호,다양성,5.17
석촌서호,특별함,6.78
문정로데오,분위기,0.37
문정로데오,사교 활동,8.66
문정로데오,시각적 요소,7.22
문정로데오,경험,3.74
문정로데오,다양성,5.66
문정로데오,특별함,8.08
올림픽훼미리,분위기,4.58
올림픽훼미리,사교 활동,13.31
올림픽훼미리,시각적 요소,11.3
올림픽훼미리,경험,5.38
올림픽훼미리,다양성,8.1
올림픽훼미리,특별함,14.04
올림픽공원남문,분위기,5.75
올림픽공원남문,사교 활동,14.54
올림픽공원남문,시각적 요소,8.1
올림픽공원남문,경험,6.02
올림픽공원남문,다양성,9.11
올림픽공원남문,특별함,11.72
방이역,분위기,0.18
방이역,사교 활동,7.88
방이역,시각적 요소,6.51
방이역,경험,3.45
방이역,다양성,5.01
방이역,특별함,5.71
석촌호수,분위기,-0.26
석촌호수,사교 활동,6.05
석촌호수,시각적 요소,3.79
석촌호수,경험,2.58
석촌호수,다양성,4.71
석촌호수,특별함,5.2
잠실푸르지오월드,분위기,1.89
잠실푸르지오월드,사교 활동,10.38
잠실푸르지오월드,시각적 요소,8.8
잠실푸르지오월드,경험,3.98
잠실푸르지오월드,다양성,6.58
잠실푸르지오월드,특별함,8.08
잠실새내역,분위기,0.39
잠실새내역,사교 활동,8.85
잠실새내역,시각적 요소,5.91
잠실새내역,경험,3.25
잠실새내역,다양성,5.27
잠실새내역,특별함,5.84
잠실역,분위기,0.9
잠실역,사교 활동,8.21
잠실역,시각적 요소,6.92
잠실역,경험,3.49
잠실역,다양성,5.15
잠실역,특별함,7.38
갤러리아팰리스,분위기,2.12
갤러리아팰리스,사교 활동,11.7
갤러리아팰리스,시각적 요소,8.64
갤러리아팰리스,경험,3.98
갤러리아팰리스,다양성,6.36
갤러리아팰리스,특별함,8.42
아시아선수촌,분위기,1.02
아시아선수촌,사교 활동,8.73
아시아선수촌,시각적 요소,7.01
아시아선수촌,경험,3.32
아시아선수촌,다양성,5.43
아시아선수촌,특별함,5.95
올림픽아파트,분위기,10.15
올림픽아파트,사교 활동,15.83
올림픽아파트,시각적 요소,15.71
올림픽아파트,경험,5.96
올림픽아파트,다양성,7.77
올림픽아파트,특별함,15.25
문정역2번출구,분위기,28.7
문정역2번출구,사교 활동,82.42
문정역2번출구,시각적 요소,44.2
문정역2번출구,경험,20.78
문정역2번출구,다양성,34.53
문정역2번출구,특별함,35.96
문정법조타운 한양타워,분위기,5.13
문정법조타운 한양타워,사교 활동,18.79
문정법조타운 한양타워,시각적 요소,10.69
문정법조타운 한양타워,경험,8.08
문정법조타운 한양타워,다양성,12.64
문정법조타운 한양타워,특별함,18.72
송파마천사거리DT,분위기,0.67
송파마천사거리DT,사교 활동,8.22
송파마천사거리DT,시각적 요소,5.04
송파마천사거리DT,경험,3.19
송파마천사거리DT,다양성,4.78
송파마천사거리DT,특별함,5.25
목동파리공원,분위기,1.57
목동파리공원,사교 활동,9.81
목동파리공원,시각적 요소,9.16
목동파리공원,경험,4.24
목동파리공원,다양성,6.17
목동파리공원,특별함,8.41
등촌역,분위기,0.43
등촌역,사교 활동,10.47
등촌역,시각적 요소,7.27
등촌역,경험,3.87
등촌역,다양성,5.4
등촌역,특별함,7.17
목동행복한,분위기,2.02
목동행복한,사교 활동,8.12
목동행복한,시각적 요소,6.6
목동행복한,경험,3.54
목동행복한,다양성,5.25
목동행복한,특별함,6.23
신정DT,분위기,-0.24
신정DT,사교 활동,7.1
신정DT,시각적 요소,5.38
신정DT,경험,2.85
신정DT,다양성,4.58
신정DT,특별함,4.63
목동역,분위기,-0.04
목동역,사교 활동,7.84
목동역,시각적 요소,6.87
목동역,경험,3.2
목동역,다양성,4.99
목동역,특별함,6.65
목동오목로,분위기,2.33
목동오목로,사교 활동,13.19
목동오목로,시각적 요소,10.73
목동오목로,경험,4.91
목동오목로,다양성,8.27
목동오목로,특별함,9.57
목동8단지,분위기,1.9
목동8단지,사교 활동,9.39
목동8단지,시각적 요소,6.88
목동8단지,경험,3.95
목동8단지,다양성,5.56
목동8단지,특별함,7.07
오목교역,분위기,0.07
오목교역,사교 활동,7.74
오목교역,시각적 요소,6.88
오목교역,경험,3.51
오목교역,다양성,5.34
오목교역,특별함,7.51
신월IC DT,분위기,-0.09
신월IC DT,사교 활동,7.07
신월IC DT,시각적 요소,5.1
신월IC DT,경험,2.82
신월IC DT,다양성,4.55
신월IC DT,특별함,4.88
목동7단지,분위기,3.51
목동7단지,사교 활동,12.59
목동7단지,시각적 요소,10.47
목동7단지,경험,4.89
목동7단지,다양성,6.75
목동7단지,특별함,12.08
목동트라팰리스,분위기,-0.07
목동트라팰리스,사교 활동,8.16
목동트라팰리스,시각적 요소,6.9
목동트라팰리스,경험,3.39
목동트라팰리스,다양성,5.07
목동트라팰리스,특별함,6.65
목동10단지,분위기,0.18
목동10단지,사교 활동,7.5
목동10단지,시각적 요소,6.43
목동10단지,경험,3.08
목동10단지,다양성,5.51
목동10단지,특별함,7.09
신월동DT,분위기,1.15
신월동DT,사교 활동,10.83
신월동DT,시각적 요소,6.4
신월동DT,경험,4.11
신월동DT,다양성,5.33
신월동DT,특별함,6.5
샛강역,분위기,1.35
샛강역,사교 활동,9.3
샛강역,시각적 요소,6.97
샛강역,경험,3.97
샛강역,다양성,5.78
샛강역,특별함,8.36
영등포역,분위기,-0.33
영등포역,사교 활동,6.52
영등포역,시각적 요소,5.13
영등포역,경험,2.71
영등포역,다양성,4.49
영등포역,특별함,5.08
당산대로,분위기,1.17
당산대로,사교 활동,11.14
당산대로,시각적 요소,9.31
당산대로,경험,4.29
당산대로,다양성,6.32
당산대로,특별함,8.34
여의도IFC몰(L1)R,분위기,3.13
여의도IFC몰(L1)R,사교 활동,8.87
여의도IFC몰(L1)R,시각적 요소,5.93
여의도IFC몰(L1)R,경험,3.37
여의도IFC몰(L1)R,다양성,5.23
여의도IFC몰(L1)R,특별함,6.02
여의도KBS R,분위기,2.47
여의도KBS R,사교 활동,10.47
여의도KBS R,시각적 요소,6.44
여의도KBS R,경험,3.73
여의도KBS R,다양성,5.46
여의도KBS R,특별함,7.31
여의도화재보험,분위기,2.39
여의도화재보험,사교 활동,11.0
여의도화재보험,시각적 요소,7.91
여의도화재보험,경험,4.16
여의도화재보험,다양성,6.36
여의도화재보험,특별함,8.06
국회대로,분위기,3.24
국회대로,사교 활동,13.56
국회대로,시각적 요소,7.74
국회대로,경험,4.54
국회대로,다양성,5.88
국회대로,특별함,9.28
영등포KT,분위기,0.12
영등포KT,사교 활동,8.73
영등포KT,시각적 요소,8.38
영등포KT,경험,3.7
영등포KT,다양성,5.48
영등포KT,특별함,7.93
여의도공원R,분위기,4.78
여의도공원R,사교 활동,10.1
여의도공원R,시각적 요소,6.52
여의도공원R,경험,4.12
여의도공원R,다양성,6.22
여의도공원R,특별함,8.91
국회의사당역,분위기,0.85
국회의사당역,사교 활동,9.16
국회의사당역,시각적 요소,6.62
국회의사당역,경험,3.62
국회의사당역,다양성,5.36
국회의사당역,특별함,7.3
여의도역R,분위기,0.31
여의도역R,사교 활동,8.07
여의도역R,시각적 요소,4.91
여의도역R,경험,3.2
여의도역R,다양성,5.05
여의도역R,특별함,5.59
선유동이레빌딩,분위기,0.22
선유동이레빌딩,사교 활동,9.55
선유동이레빌딩,시각적 요소,6.83
선유동이레빌딩,경험,3.77
선유동이레빌딩,다양성,5.56
선유동이레빌딩,특별함,7.44
동여의도,분위기,1.68
동여의도,사교 활동,10.04
동여의도,시각적 요소,10.96
동여의도,경험,4.33
동여의도,다양성,6.72
동여의도,특별함,10.37
여의도ABL타워,분위기,3.22
여의도ABL타워,사교 활동,12.69
여의도ABL타워,시각적 요소,8.72
여의도ABL타워,경험,4.92
여의도ABL타워,다양성,6.86
여의도ABL타워,특별함,10.24
영등포신길,분위기,-0.65
영등포신길,사교 활동,5.8
영등포신길,시각적 요소,4.73
영등포신길,경험,2.41
영등포신길,다양성,4.24
영등포신길,특별함,4.23
문래역,분위기,-0.15
문래역,사교 활동,6.27
문래역,시각적 요소,4.82
문래역,경험,2.69
문래역,다양성,4.51
문래역,특별함,4.54
당산,분위기,0.49
당산,사교 활동,8.95
당산,시각적 요소,7.37
당산,경험,3.64
당산,다양성,5.46
당산,특별함,7.35
여의도한양증권,분위기,5.77
여의도한양증권,사교 활동,20.78
여의도한양증권,시각적 요소,11.23
여의도한양증권,경험,5.95
여의도한양증권,다양성,7.7
여의도한양증권,특별함,15.61
여의도일신,분위기,5.88
여의도일신,사교 활동,15.11
여의도일신,시각적 요소,9.04
여의도일신,경험,5.24
여의도일신,다양성,7.18
여의도일신,특별함,8.52
롯데캐슬여의도,분위기,9.65
롯데캐슬여의도,사교 활동,28.74
롯데캐슬여의도,시각적 요소,15.08
롯데캐슬여의도,경험,7.11
롯데캐슬여의도,다양성,9.75
롯데캐슬여의도,특별함,15.78
문래동,분위기,2.76
문래동,사교 활동,10.79
문래동,시각적 요소,8.67
문래동,경험,3.67
문래동,다양성,5.44
문래동,특별함,7.55
여의도호성,분위기,1.01
여의도호성,사교 활동,10.38
여의도호성,시각적 요소,9.36
여의도호성,경험,4.29
여의도호성,다양성,6.31
여의도호성,특별함,9.34
타임스퀘어B2,분위기,8.34
타임스퀘어B2,사교 활동,11.97
타임스퀘어B2,시각적 요소,8.15
타임스퀘어B2,경험,3.7
타임스퀘어B2,다양성,5.99
타임스퀘어B2,특별함,6.15
여의도의사당,분위기,6.81
여의도의사당,사교 활동,10.79
여의도의사당,시각적 요소,9.03
여의도의사당,경험,4.51
여의도의사당,다양성,6.89
여의도의사당,특별함,8.23
여의도IFC(1F),분위기,2.21
여의도IFC(1F),사교 활동,9.55
여의도IFC(1F),시각적 요소,6.87
여의도IFC(1F),경험,3.87
여의도IFC(1F),다양성,5.86
여의도IFC(1F),특별함,8.16
여의도교직원공제회,분위기,308.37
여의도교직원공제회,사교 활동,798.49
여의도교직원공제회,시각적 요소,430.58
여의도교직원공제회,경험,134.8
여의도교직원공제회,다양성,136.17
여의도교직원공제회,특별함,354.52
선유도역 1번출구,분위기,-0.66
선유도역 1번출구,사교 활동,8.38
선유도역 1번출구,시각적 요소,6.13
선유도역 1번출구,경험,3.33
선유도역 1번출구,다양성,4.99
선유도역 1번출구,특별함,5.96
영등포시장역,분위기,1.04
영등포시장역,사교 활동,12.0
영등포시장역,시각적 요소,7.04
영등포시장역,경험,4.39
영등포시장역,다양성,5.72
영등포시장역,특별함,6.88
영등포구청역,분위기,0.15
영등포구청역,사교 활동,6.79
영등포구청역,시각적 요소,5.04
영등포구청역,경험,2.79
영등포구청역,다양성,4.48
영등포구청역,특별함,4.89
서울양평역,분위기,0.17
서울양평역,사교 활동,8.14
서울양평역,시각적 요소,5.92
서울양평역,경험,3.22
서울양평역,다양성,5.11
서울양평역,특별함,7.61
영등포시장교차로,분위기,1.26
영등포시장교차로,사교 활동,9.39
영등포시장교차로,시각적 요소,7.13
영등포시장교차로,경험,3.69
영등포시장교차로,다양성,5.55
영등포시장교차로,특별함,6.25
더현대서울(B2)R,분위기,2.5
더현대서울(B2)R,사교 활동,7.51
더현대서울(B2)R,시각적 요소,4.95
더현대서울(B2)R,경험,2.76
더현대서울(B2)R,다양성,4.41
더현대서울(B2)R,특별함,4.32
여의도브라이튼,분위기,20.29
여의도브라이튼,사교 활동,72.63
여의도브라이튼,시각적 요소,22.71
여의도브라이튼,경험,21.33
여의도브라이튼,다양성,44.17
여의도브라이튼,특별함,46.75
여의도TP타워,분위기,49.35
여의도TP타워,사교 활동,79.21
여의도TP타워,시각적 요소,27.89
여의도TP타워,경험,27.82
여의도TP타워,다양성,58.73
여의도TP타워,특별함,53.0
당산역사거리,분위기,0.24
당산역사거리,사교 활동,6.5
당산역사거리,시각적 요소,5.9
당산역사거리,경험,2.89
당산역사거리,다양성,4.62
당산역사거리,특별함,5.33
신풍역,분위기,3.04
신풍역,사교 활동,17.21
신풍역,시각적 요소,11.1
신풍역,경험,6.02
신풍역,다양성,9.6
신풍역,특별함,11.54
불광역,분위기,-0.18
불광역,사교 활동,6.19
불광역,시각적 요소,5.57
불광역,경험,2.76
불광역,다양성,4.32
불광역,특별함,4.42
연신내역사거리,분위기,-0.86
연신내역사거리,사교 활동,5.56
연신내역사거리,시각적 요소,5.24
연신내역사거리,경험,2.58
연신내역사거리,다양성,4.14
연신내역사거리,특별함,3.95
연신내,분위기,-0.37
연신내,사교 활동,7.43
연신내,시각적 요소,6.28
연신내,경험,2.93
연신내,다양성,4.69
연신내,특별함,5.05
구파발역,분위기,0.12
구파발역,사교 활동,7.17
구파발역,시각적 요소,5.79
구파발역,경험,2.88
구파발역,다양성,4.5
구파발역,특별함,5.52
은평구청입구,분위기,-0.56
은평구청입구,사교 활동,6.29
은평구청입구,시각적 요소,5.17
은평구청입구,경험,2.57
은평구청입구,다양성,4.37
은평구청입구,특별함,5.37
은평이마트,분위기,7.73
은평이마트,사교 활동,18.3
은평이마트,시각적 요소,8.89
은평이마트,경험,3.37
은평이마트,다양성,4.69
은평이마트,특별함,4.91
구산역,분위기,-0.89
구산역,사교 활동,6.48
구산역,시각적 요소,5.36
구산역,경험,2.75
구산역,다양성,4.31
구산역,특별함,4.19
불광역8번출구,분위기,20.79
불광역8번출구,사교 활동,46.47
불광역8번출구,시각적 요소,27.09
불광역8번출구,경험,8.71
불광역8번출구,다양성,12.48
불광역8번출구,특별함,11.97
수색,분위기,2.07
수색,사교 활동,9.99
수색,시각적 요소,7.62
수색,경험,4.57
수색,다양성,6.17
수색,특별함,10.46
새절역,분위기,4.43
새절역,사교 활동,12.74
새절역,시각적 요소,7.75
새절역,경험,4.54
새절역,다양성,7.27
새절역,특별함,6.79
더북한산,분위기,3.79
더북한산,사교 활동,10.07
더북한산,시각적 요소,3.44
더북한산,경험,3.02
더북한산,다양성,4.21
더북한산,특별함,3.98
녹번역,분위기,1.25
녹번역,사교 활동,10.24
녹번역,시각적 요소,7.8
녹번역,경험,4.37
녹번역,다양성,6.0
녹번역,특별함,8.72
진관DT,분위기,3.67
진관DT,사교 활동,9.43
진관DT,시각적 요소,3.75
진관DT,경험,3.55
진관DT,다양성,4.99
진관DT,특별함,6.25
연합뉴스,분위기,33.96
연합뉴스,사교 활동,24.42
연합뉴스,시각적 요소,21.17
연합뉴스,경험,10.56
연합뉴스,다양성,11.59
연합뉴스,특별함,15.32
혜화역,분위기,0.57
혜화역,사교 활동,6.98
혜화역,시각적 요소,6.16
혜화역,경험,3.29
혜화역,다양성,5.25
혜화역,특별함,5.74
경희궁로,분위기,1.36
경희궁로,사교 활동,10.21
경희궁로,시각적 요소,7.37
경희궁로,경험,3.95
경희궁로,다양성,5.63
경희궁로,특별함,7.86
강북삼성병원,분위기,21.59
강북삼성병원,사교 활동,20.78
강북삼성병원,시각적 요소,11.19
강북삼성병원,경험,6.03
강북삼성병원,다양성,7.55
강북삼성병원,특별함,11.3
종로평창동,분위기,1.85
종로평창동,사교 활동,11.07
종로평창동,시각적 요소,9.55
종로평창동,경험,4.48
종로평창동,다양성,6.6
종로평창동,특별함,7.98
광화문우체국,분위기,0.05
광화문우체국,사교 활동,8.18
광화문우체국,시각적 요소,5.81
광화문우체국,경험,3.39
광화문우체국,다양성,5.28
광화문우체국,특별함,6.34
종로R,분위기,-0.26
종로R,사교 활동,5.05
종로R,시각적 요소,3.86
종로R,경험,2.24
종로R,다양성,3.89
종로R,특별함,3.59
정부서울청사R,분위기,0.47
정부서울청사R,사교 활동,8.23
정부서울청사R,시각적 요소,5.41
정부서울청사R,경험,3.41
정부서울청사R,다양성,5.44
정부서울청사R,특별함,5.87
종로구청,분위기,5.21
종로구청,사교 활동,11.26
종로구청,시각적 요소,9.07
종로구청,경험,4.84
종로구청,다양성,7.04
종로구청,특별함,11.12
북촌로,분위기,2.81
북촌로,사교 활동,9.26
북촌로,시각적 요소,6.26
북촌로,경험,3.97
북촌로,다양성,6.02
북촌로,특별함,8.19
안국,분위기,-0.18
안국,사교 활동,6.01
안국,시각적 요소,5.26
안국,경험,2.78
안국,다양성,4.77
안국,특별함,5.33
삼청동,분위기,3.24
삼청동,사교 활동,8.71
삼청동,시각적 요소,4.72
삼청동,경험,4.13
삼청동,다양성,6.11
삼청동,특별함,7.62
광화문D타워,분위기,-0.6
광화문D타워,사교 활동,6.35
광화문D타워,시각적 요소,4.39
광화문D타워,경험,2.71
광화문D타워,다양성,4.62
광화문D타워,특별함,4.82
적선,분위기,1.93
적선,사교 활동,9.12
적선,시각적 요소,7.23
적선,경험,4.05
적선,다양성,5.77
적선,특별함,6.53
인사,분위기,6.26
인사,사교 활동,12.96
인사,시각적 요소,8.07
인사,경험,4.26
인사,다양성,5.63
인사,특별함,9.32
광화문,분위기,-0.06
광화문,사교 활동,5.93
광화문,시각적 요소,3.86
광화문,경험,2.54
광화문,다양성,4.21
광화문,특별함,4.43
성대입구,분위기,1.54
성대입구,사교 활동,12.96
성대입구,시각적 요소,8.62
성대입구,경험,4.36
성대입구,다양성,5.39
성대입구,특별함,9.06
스페이스본,분위기,2.42
스페이스본,사교 활동,13.69
스페이스본,시각적 요소,7.93
스페이스본,경험,4.98
스페이스본,다양성,8.07
스페이스본,특별함,8.77
주얼리시티,분위기,4.28
주얼리시티,사교 활동,9.08
주얼리시티,시각적 요소,6.95
주얼리시티,경험,3.72
주얼리시티,다양성,5.26
주얼리시티,특별함,7.19
종각,분위기,-0.46
종각,사교 활동,7.05
종각,시각적 요소,5.7
종각,경험,3.15
종각,다양성,5.02
종각,특별함,5.6
동숭로아트,분위기,-0.78
동숭로아트,사교 활동,7.01
동숭로아트,시각적 요소,5.13
동숭로아트,경험,3.44
동숭로아트,다양성,5.06
동숭로아트,특별함,5.43
종로관철,분위기,1.32
종로관철,사교 활동,9.2
종로관철,시각적 요소,6.95
종로관철,경험,4.03
종로관철,다양성,6.2
종로관철,특별함,8.69
경복궁역,분위기,0.09
경복궁역,사교 활동,6.62
경복궁역,시각적 요소,6.06
경복궁역,경험,3.03
경복궁역,다양성,5.03
경복궁역,특별함,6.06
이마빌딩,분위기,1.43
이마빌딩,사교 활동,9.57
이마빌딩,시각적 요소,6.36
이마빌딩,경험,3.53
이마빌딩,다양성,5.12
이마빌딩,특별함,8.5
광화문교보문고,분위기,-0.73
광화문교보문고,사교 활동,7.59
광화문교보문고,시각적 요소,4.8
광화문교보문고,경험,2.92
광화문교보문고,다양성,5.37
광화문교보문고,특별함,5.86
정동,분위기,0.6
정동,사교 활동,8.07
정동,시각적 요소,6.3
정동,경험,3.46
정동,다양성,5.3
정동,특별함,9.55
종로플레이스,분위기,1.03
종로플레이스,사교 활동,8.2
종로플레이스,시각적 요소,6.09
종로플레이스,경험,3.26
종로플레이스,다양성,5.22
종로플레이스,특별함,6.48
강북삼성병원1층,분위기,30.35
강북삼성병원1층,사교 활동,32.41
강북삼성병원1층,시각적 요소,15.91
강북삼성병원1층,경험,7.14
강북삼성병원1층,다양성,9.87
강북삼성병원1층,특별함,14.84
서대문역,분위기,0.81
서대문역,사교 활동,7.75
서대문역,시각적 요소,5.27
서대문역,경험,3.12
서대문역,다양성,5.05
서대문역,특별함,5.03
숭례문북창,분위기,1.15
숭례문북창,사교 활동,8.35
숭례문북창,시각적 요소,6.22
숭례문북창,경험,3.92
숭례문북창,다양성,5.63
숭례문북창,특별함,8.02
을지로4가역,분위기,0.71
을지로4가역,사교 활동,8.15
을지로4가역,시각적 요소,5.84
을지로4가역,경험,3.4
을지로4가역,다양성,5.27
을지로4가역,특별함,6.48
동대문두타,분위기,4.45
동대문두타,사교 활동,8.2
동대문두타,시각적 요소,4.49
동대문두타,경험,3.31
동대문두타,다양성,5.09
동대문두타,특별함,5.85
대한상공회의소R,분위기,1.41
대한상공회의소R,사교 활동,11.0
대한상공회의소R,시각적 요소,5.95
대한상공회의소R,경험,4.17
대한상공회의소R,다양성,5.67
대한상공회의소R,특별함,7.63
국립중앙의료원,분위기,0.39
국립중앙의료원,사교 활동,7.14
국립중앙의료원,시각적 요소,6.29
국립중앙의료원,경험,3.18
국립중앙의료원,다양성,4.92
국립중앙의료원,특별함,6.86
동국대,분위기,0.98
동국대,사교 활동,10.15
동국대,시각적 요소,8.85
동국대,경험,4.55
동국대,다양성,6.86
동국대,특별함,11.35
동대문공원,분위기,-0.65
동대문공원,사교 활동,7.21
동대문공원,시각적 요소,5.75
동대문공원,경험,3.13
동대문공원,다양성,5.34
동대문공원,특별함,5.7
을지로국제빌딩,분위기,1.93
을지로국제빌딩,사교 활동,10.66
을지로국제빌딩,시각적 요소,7.51
을지로국제빌딩,경험,3.88
을지로국제빌딩,다양성,5.41
을지로국제빌딩,특별함,8.37
동대입구역,분위기,0.26
동대입구역,사교 활동,8.31
동대입구역,시각적 요소,6.26
동대입구역,경험,3.62
동대입구역,다양성,5.09
동대입구역,특별함,5.44
신당역사거리,분위기,0.6
신당역사거리,사교 활동,7.61
신당역사거리,시각적 요소,6.88
신당역사거리,경험,3.23
신당역사거리,다양성,5.08
신당역사거리,특별함,6.43
연세세브란스,분위기,4.22
연세세브란스,사교 활동,10.12
연세세브란스,시각적 요소,7.37
연세세브란스,경험,4.32
연세세브란스,다양성,5.79
연세세브란스,특별함,8.06
회현역,분위기,5.12
회현역,사교 활동,13.85
회현역,시각적 요소,9.93
회현역,경험,4.66
회현역,다양성,7.11
회현역,특별함,10.27
을지로경기빌딩,분위기,2.72
을지로경기빌딩,사교 활동,10.96
을지로경기빌딩,시각적 요소,10.05
을지로경기빌딩,경험,4.81
을지로경기빌딩,다양성,7.03
을지로경기빌딩,특별함,10.4
명동중앙로,분위기,0.75
명동중앙로,사교 활동,6.51
명동중앙로,시각적 요소,5.83
명동중앙로,경험,2.94
명동중앙로,다양성,4.95
명동중앙로,특별함,5.51
약수역,분위기,0.45
약수역,사교 활동,9.24
약수역,시각적 요소,7.45
약수역,경험,3.6
약수역,다양성,5.38
약수역,특별함,6.4
중구저동,분위기,0.36
중구저동,사교 활동,7.22
중구저동,시각적 요소,6.09
중구저동,경험,3.13
중구저동,다양성,4.93
중구저동,특별함,6.32
명동길,분위기,2.34
명동길,사교 활동,7.97
명동길,시각적 요소,6.54
명동길,경험,3.77
명동길,다양성,5.85
명동길,특별함,7.12
서소문로,분위기,1.68
서소문로,사교 활동,8.6
서소문로,시각적 요소,6.21
서소문로,경험,3.47
서소문로,다양성,5.13
서소문로,특별함,7.24
신당역,분위기,1.13
신당역,사교 활동,8.26
신당역,시각적 요소,8.03
신당역,경험,3.56
신당역,다양성,5.48
신당역,특별함,7.71
명동메트로,분위기,3.81
명동메트로,사교 활동,9.43
명동메트로,시각적 요소,9.83
명동메트로,경험,4.15
명동메트로,다양성,6.36
명동메트로,특별함,7.41
숭례문,분위기,4.6
숭례문,사교 활동,13.89
숭례문,시각적 요소,9.82
숭례문,경험,4.99
숭례문,다양성,6.43
숭례문,특별함,11.02
순화동더샵,분위기,3.12
순화동더샵,사교 활동,11.78
순화동더샵,시각적 요소,7.81
순화동더샵,경험,4.91
순화동더샵,다양성,6.97
순화동더샵,특별함,9.46
환구단,분위기,1.6
환구단,사교 활동,7.66
환구단,시각적 요소,4.23
환구단,경험,3.26
환구단,다양성,4.97
환구단,특별함,5.71
무교동,분위기,1.42
무교동,사교 활동,7.17
무교동,시각적 요소,5.87
무교동,경험,3.18
무교동,다양성,5.38
무교동,특별함,6.5
문화일보,분위기,5.05
문화일보,사교 활동,18.09
문화일보,시각적 요소,11.54
문화일보,경험,7.09
문화일보,다양성,8.69
문화일보,특별함,19.62
태평로,분위기,2.41
태평로,사교 활동,9.81
태평로,시각적 요소,7.09
태평로,경험,3.82
태평로,다양성,5.68
태평로,특별함,6.65
퍼시픽타워,분위기,4.38
퍼시픽타워,사교 활동,12.5
퍼시픽타워,시각적 요소,12.49
퍼시픽타워,경험,4.93
퍼시픽타워,다양성,6.32
퍼시픽타워,특별함,9.72
남산단암,분위기,3.49
남산단암,사교 활동,11.78
남산단암,시각적 요소,8.88
남산단암,경험,4.54
남산단암,다양성,6.09
남산단암,특별함,7.79
황학캐슬,분위기,3.58
황학캐슬,사교 활동,18.09
황학캐슬,시각적 요소,8.32
황학캐슬,경험,4.73
황학캐슬,다양성,5.98
황학캐슬,특별함,10.89
을지로삼화타워,분위기,5.29
을지로삼화타워,사교 활동,15.28
을지로삼화타워,시각적 요소,9.29
을지로삼화타워,경험,5.62
을지로삼화타워,다양성,7.65
을지로삼화타워,특별함,11.14
소공로,분위기,2.68
소공로,사교 활동,8.56
소공로,시각적 요소,6.99
소공로,경험,3.4
소공로,다양성,5.47
소공로,특별함,6.77
을지로한국빌딩,분위기,1.69
을지로한국빌딩,사교 활동,8.25
을지로한국빌딩,시각적 요소,6.81
을지로한국빌딩,경험,3.32
을지로한국빌딩,다양성,4.73
을지로한국빌딩,특별함,7.4
시청,분위기,8.32
시청,사교 활동,16.97
시청,시각적 요소,10.85
시청,경험,5.72
시청,다양성,8.12
시청,특별함,11.65
명동역,분위기,1.94
명동역,사교 활동,9.83
명동역,시각적 요소,6.17
명동역,경험,4.13
명동역,다양성,6.12
명동역,특별함,8.85
명동입구,분위기,1.2
명동입구,사교 활동,8.26
명동입구,시각적 요소,6.18
명동입구,경험,3.37
명동입구,다양성,5.3
명동입구,특별함,6.28
충무로,분위기,8.83
충무로,사교 활동,23.37
충무로,시각적 요소,15.65
충무로,경험,8.42
충무로,다양성,15.92
충무로,특별함,23.58
숭례문SG타워,분위기,1.74
숭례문SG타워,사교 활동,8.19
숭례문SG타워,시각적 요소,5.64
숭례문SG타워,경험,3.43
숭례문SG타워,다양성,5.37
숭례문SG타워,특별함,6.8
세종대로,분위기,4.72
세종대로,사교 활동,14.7
세종대로,시각적 요소,7.7
세종대로,경험,5.42
세종대로,다양성,8.76
세종대로,특별함,10.81
별다방,분위기,-0.19
별다방,사교 활동,6.89
별다방,시각적 요소,3.92
별다방,경험,2.71
별다방,다양성,4.25
별다방,특별함,3.88
명일역,분위기,0.49
명일역,사교 활동,8.5
명일역,시각적 요소,7.68
명일역,경험,3.39
명일역,다양성,5.3
명일역,특별함,6.24
강동구청DT,분위기,-0.37
강동구청DT,사교 활동,6.44
강동구청DT,시각적 요소,5.17
강동구청DT,경험,2.85
강동구청DT,다양성,4.58
강동구청DT,특별함,4.87
강동암사DT,분위기,0.45
강동암사DT,사교 활동,7.75
강동암사DT,시각적 요소,5.94
강동암사DT,경험,3.37
강동암사DT,다양성,5.1
강동암사DT,특별함,5.35
굽은다리역,분위기,0.48
굽은다리역,사교 활동,6.9
굽은다리역,시각적 요소,5.76
굽은다리역,경험,2.79
굽은다리역,다양성,4.56
굽은다리역,특별함,5.32
강동역,분위기,0.17
강동역,사교 활동,7.84
강동역,시각적 요소,6.88
강동역,경험,3.3
강동역,다양성,5.2
강동역,특별함,7.29
둔촌동,분위기,1.49
둔촌동,사교 활동,10.93
둔촌동,시각적 요소,8.05
둔촌동,경험,3.96
둔촌동,다양성,6.21
둔촌동,특별함,9.27
천호로데오,분위기,-0.81
천호로데오,사교 활동,5.56
천호로데오,시각적 요소,5.37
천호로데오,경험,2.57
천호로데오,다양성,4.56
천호로데오,특별함,4.85
천호이마트,분위기,1.47
천호이마트,사교 활동,7.92
천호이마트,시각적 요소,7.54
천호이마트,경험,3.45
천호이마트,다양성,5.69
천호이마트,특별함,6.28
길동역,분위기,-0.8
길동역,사교 활동,8.53
길동역,시각적 요소,6.07
길동역,경험,3.02
길동역,다양성,4.82
길동역,특별함,5.17
상일동,분위기,3.1
상일동,사교 활동,12.0
상일동,시각적 요소,9.1
상일동,경험,4.5
상일동,다양성,6.44
상일동,특별함,8.92
천호역,분위기,1.44
천호역,사교 활동,10.24
천호역,시각적 요소,8.73
천호역,경험,3.87
천호역,다양성,5.53
천호역,특별함,7.46
명일이마트,분위기,-0.31
명일이마트,사교 활동,8.04
명일이마트,시각적 요소,6.08
명일이마트,경험,3.1
명일이마트,다양성,4.96
명일이마트,특별함,5.69
상일동역,분위기,0.73
상일동역,사교 활동,7.63
상일동역,시각적 요소,6.19
상일동역,경험,2.99
상일동역,다양성,4.96
상일동역,특별함,6.71
천호사거리,분위기,0.61
천호사거리,사교 활동,9.66
천호사거리,시각적 요소,9.3
천호사거리,경험,3.84
천호사거리,다양성,6.02
천호사거리,특별함,8.7
강일역,분위기,0.73
강일역,사교 활동,9.43
강일역,시각적 요소,7.16
강일역,경험,4.06
강일역,다양성,6.53
강일역,특별함,12.3
올림픽공원북2문,분위기,1.91
올림픽공원북2문,사교 활동,10.27
올림픽공원북2문,시각적 요소,5.45
올림픽공원북2문,경험,4.09
올림픽공원북2문,다양성,5.77
올림픽공원북2문,특별함,6.35
암사역,분위기,123.75
암사역,사교 활동,148.04
암사역,시각적 요소,64.51
암사역,경험,151.33
암사역,다양성,95.08
암사역,특별함,266.64
강동강일,분위기,76.91
강동강일,사교 활동,97.03
강동강일,시각적 요소,56.79
강동강일,경험,31.61
강동강일,다양성,65.92
강동강일,특별함,64.95
구로디지털타워,분위기,0.95
구로디지털타워,사교 활동,9.66
구로디지털타워,시각적 요소,6.39
구로디지털타워,경험,3.73
구로디지털타워,다양성,5.85
구로디지털타워,특별함,8.68
오류동역,분위기,0.78
오류동역,사교 활동,9.66
오류동역,시각적 요소,7.65
오류동역,경험,3.38
오류동역,다양성,5.35
오류동역,특별함,6.09
구로디지털로,분위기,1.35
구로디지털로,사교 활동,9.76
구로디지털로,시각적 요소,6.81
구로디지털로,경험,3.61
구로디지털로,다양성,5.1
구로디지털로,특별함,7.41
구로에이스,분위기,1.74
구로에이스,사교 활동,11.65
구로에이스,시각적 요소,9.13
구로에이스,경험,4.47
구로에이스,다양성,6.6
구로에이스,특별함,8.64
구로하이엔드,분위기,8.38
구로하이엔드,사교 활동,21.57
구로하이엔드,시각적 요소,14.26
구로하이엔드,경험,6.66
구로하이엔드,다양성,8.78
구로하이엔드,특별함,15.51
현대디큐브2F,분위기,4.24
현대디큐브2F,사교 활동,7.86
현대디큐브2F,시각적 요소,5.73
현대디큐브2F,경험,3.41
현대디큐브2F,다양성,5.1
현대디큐브2F,특별함,5.0
구로호텔,분위기,1.41
구로호텔,사교 활동,7.98
구로호텔,시각적 요소,5.69
구로호텔,경험,3.13
구로호텔,다양성,4.5
구로호텔,특별함,4.87
현대디큐브B2,분위기,1.63
현대디큐브B2,사교 활동,7.91
현대디큐브B2,시각적 요소,7.06
현대디큐브B2,경험,3.06
현대디큐브B2,다양성,4.54
현대디큐브B2,특별함,5.15
구로고척,분위기,0.2
구로고척,사교 활동,6.89
구로고척,시각적 요소,5.43
구로고척,경험,3.14
구로고척,다양성,4.56
구로고척,특별함,6.36
구로NC,분위기,0.5
구로NC,사교 활동,6.24
구로NC,시각적 요소,5.58
구로NC,경험,2.72
구로NC,다양성,4.51
구로NC,특별함,5.03
구로오류DT,분위기,1.39
구로오류DT,사교 활동,12.05
구로오류DT,시각적 요소,6.44
구로오류DT,경험,4.6
구로오류DT,다양성,5.9
구로오류DT,특별함,7.89
구로구청,분위기,0.69
구로구청,사교 활동,11.93
구로구청,시각적 요소,9.25
구로구청,경험,4.3
구로구청,다양성,6.32
구로구청,특별함,10.72
고척아이파크,분위기,2.4
고척아이파크,사교 활동,8.54
고척아이파크,시각적 요소,6.03
고척아이파크,경험,3.54
고척아이파크,다양성,6.14
고척아이파크,특별함,8.75
신도림힐스테이트,분위기,23.41
신도림힐스테이트,사교 활동,87.18
신도림힐스테이트,시각적 요소,36.29
신도림힐스테이트,경험,20.57
신도림힐스테이트,다양성,39.43
신도림힐스테이트,특별함,68.91
답십리역,분위기,-0.11
답십리역,사교 활동,7.3
답십리역,시각적 요소,6.15
답십리역,경험,2.97
답십리역,다양성,4.59
답십리역,특별함,6.25
경희대삼거리,분위기,-0.09
경희대삼거리,사교 활동,10.73
경희대삼거리,시각적 요소,7.99
경희대삼거리,경험,4.32
경희대삼거리,다양성,6.67
경희대삼거리,특별함,8.33
외대정문,분위기,-0.92
외대정문,사교 활동,9.26
외대정문,시각적 요소,6.69
외대정문,경험,3.49
외대정문,다양성,5.59
외대정문,특별함,7.81
신설동역,분위기,-0.33
신설동역,사교 활동,7.28
신설동역,시각적 요소,6.75
신설동역,경험,3.29
신설동역,다양성,4.78
신설동역,특별함,7.01
회기역사거리,분위기,-0.52
회기역사거리,사교 활동,8.29
회기역사거리,시각적 요소,8.3
회기역사거리,경험,3.51
회기역사거리,다양성,5.56
회기역사거리,특별함,9.0
장한평역,분위기,-0.67
장한평역,사교 활동,6.02
장한평역,시각적 요소,5.82
장한평역,경험,2.42
장한평역,다양성,4.4
장한평역,특별함,4.6
경희대,분위기,0.62
경희대,사교 활동,12.24
경희대,시각적 요소,8.7
경희대,경험,4.34
경희대,다양성,6.59
경희대,특별함,8.27
청량리역롯데캐슬스카이,분위기,11.37
청량리역롯데캐슬스카이,사교 활동,27.23
청량리역롯데캐슬스카이,시각적 요소,12.34
청량리역롯데캐슬스카이,경험,11.31
청량리역롯데캐슬스카이,다양성,17.22
청량리역롯데캐슬스카이,특별함,34.71
경동1960,분위기,2.54
경동1960,사교 활동,6.18
경동1960,시각적 요소,3.68
경동1960,경험,2.22
경동1960,다양성,3.9
경동1960,특별함,3.86
사이버한국외대,분위기,32.76
사이버한국외대,사교 활동,230.64
사이버한국외대,시각적 요소,88.97
사이버한국외대,경험,72.02
사이버한국외대,다양성,91.72
사이버한국외대,특별함,355.02
청량리역사,분위기,0.99
청량리역사,사교 활동,5.97
청량리역사,시각적 요소,5.18
청량리역사,경험,2.58
청량리역사,다양성,4.26
청량리역사,특별함,4.84
답십리초교사거리,분위기,17.76
답십리초교사거리,사교 활동,50.26
답십리초교사거리,시각적 요소,17.88
답십리초교사거리,경험,13.16
답십리초교사거리,다양성,29.61
답십리초교사거리,특별함,35.81
장안사거리,분위기,6.16
장안사거리,사교 활동,21.57
장안사거리,시각적 요소,10.49
장안사거리,경험,7.49
장안사거리,다양성,13.67
장안사거리,특별함,18.54
서울숲역,분위기,0.12
서울숲역,사교 활동,6.04
서울숲역,시각적 요소,4.7
서울숲역,경험,2.49
서울숲역,다양성,4.33
서울숲역,특별함,4.33
금호역,분위기,0.07
금호역,사교 활동,10.9
금호역,시각적 요소,7.1
금호역,경험,3.95
금호역,다양성,5.59
금호역,특별함,6.26
뚝섬역,분위기,-0.77
뚝섬역,사교 활동,6.82
뚝섬역,시각적 요소,5.79
뚝섬역,경험,2.89
뚝섬역,다양성,4.43
뚝섬역,특별함,5.24
황학사거리,분위기,1.37
황학사거리,사교 활동,11.26
황학사거리,시각적 요소,7.91
황학사거리,경험,4.64
황학사거리,다양성,6.51
황학사거리,특별함,10.22
성수역,분위기,-0.21
성수역,사교 활동,6.57
성수역,시각적 요소,5.37
성수역,경험,2.74
성수역,다양성,4.42
성수역,특별함,5.27
상왕십리역,분위기,0.47
상왕십리역,사교 활동,8.31
상왕십리역,시각적 요소,6.62
상왕십리역,경험,3.37
상왕십리역,다양성,5.08
상왕십리역,특별함,6.48
왕십리역,분위기,0.06
왕십리역,사교 활동,6.88
왕십리역,시각적 요소,5.42
왕십리역,경험,2.95
왕십리역,다양성,4.38
왕십리역,특별함,5.16
한양대,분위기,0.35
한양대,사교 활동,10.77
한양대,시각적 요소,7.27
한양대,경험,3.97
한양대,다양성,5.94
한양대,특별함,8.9
엔터식스,분위기,16.61
엔터식스,사교 활동,18.88
엔터식스,시각적 요소,10.29
엔터식스,경험,5.1
엔터식스,다양성,7.76
엔터식스,특별함,9.5
신금호역,분위기,1.75
신금호역,사교 활동,11.18
신금호역,시각적 요소,6.91
신금호역,경험,4.54
신금호역,다양성,7.02
신금호역,특별함,9.49
뚝섬역교차로,분위기,69.25
뚝섬역교차로,사교 활동,180.16
뚝섬역교차로,시각적 요소,69.13
뚝섬역교차로,경험,58.89
뚝섬역교차로,다양성,102.75
뚝섬역교차로,특별함,83.66
옥수,분위기,3.72
옥수,사교 활동,11.87
옥수,시각적 요소,6.9
옥수,경험,5.26
옥수,다양성,6.44
옥수,특별함,10.06
성수낙낙,분위기,-0.8
성수낙낙,사교 활동,7.42
성수낙낙,시각적 요소,5.11
성수낙낙,경험,2.89
성수낙낙,다양성,4.84
성수낙낙,특별함,5.97
용산역써밋R,분위기,-0.43
용산역써밋R,사교 활동,7.01
용산역써밋R,시각적 요소,4.14
용산역써밋R,경험,2.88
용산역써밋R,다양성,4.63
용산역써밋R,특별함,5.37
신용산역,분위기,1.89
신용산역,사교 활동,9.28
신용산역,시각적 요소,6.99
신용산역,경험,3.31
신용산역,다양성,4.8
신용산역,특별함,5.47
용산파크타워,분위기,7.47
용산파크타워,사교 활동,16.75
용산파크타워,시각적 요소,11.31
용산파크타워,경험,6.84
용산파크타워,다양성,9.6
용산파크타워,특별함,13.99
남영동,분위기,-0.19
남영동,사교 활동,9.86
남영동,시각적 요소,6.92
남영동,경험,4.17
남영동,다양성,5.36
남영동,특별함,8.06
한남동R,분위기,2.46
한남동R,사교 활동,14.17
한남동R,시각적 요소,7.34
한남동R,경험,5.61
한남동R,다양성,8.28
한남동R,특별함,10.71
서울타워,분위기,9.88
서울타워,사교 활동,14.24
서울타워,시각적 요소,3.87
서울타워,경험,5.03
서울타워,다양성,5.74
서울타워,특별함,10.23
서울역동자동,분위기,1.26
서울역동자동,사교 활동,10.15
서울역동자동,시각적 요소,7.54
서울역동자동,경험,3.97
서울역동자동,다양성,5.99
서울역동자동,특별함,7.72
순천향입구,분위기,0.24
순천향입구,사교 활동,7.82
순천향입구,시각적 요소,7.91
순천향입구,경험,3.49
순천향입구,다양성,5.28
순천향입구,특별함,5.65
동빙고,분위기,1.74
동빙고,사교 활동,10.79
동빙고,시각적 요소,5.8
동빙고,경험,4.8
동빙고,다양성,6.79
동빙고,특별함,9.68
숙대입구역,분위기,-0.07
숙대입구역,사교 활동,10.02
숙대입구역,시각적 요소,8.94
숙대입구역,경험,4.32
숙대입구역,다양성,6.28
숙대입구역,특별함,8.61
용산아이파크몰6F,분위기,2.76
용산아이파크몰6F,사교 활동,7.62
용산아이파크몰6F,시각적 요소,5.23
용산아이파크몰6F,경험,2.99
용산아이파크몰6F,다양성,4.57
용산아이파크몰6F,특별함,4.94
동부이촌동,분위기,3.83
동부이촌동,사교 활동,14.39
동부이촌동,시각적 요소,8.71
동부이촌동,경험,5.45
동부이촌동,다양성,7.81
동부이촌동,특별함,10.27
숙명여대정문,분위기,-0.15
숙명여대정문,사교 활동,11.49
숙명여대정문,시각적 요소,6.25
숙명여대정문,경험,3.99
숙명여대정문,다양성,6.58
숙명여대정문,특별함,7.79
용산해링턴스퀘어,분위기,1.02
용산해링턴스퀘어,사교 활동,10.8
용산해링턴스퀘어,시각적 요소,7.32
용산해링턴스퀘어,경험,4.72
용산해링턴스퀘어,다양성,6.73
용산해링턴스퀘어,특별함,10.95
경리단길,분위기,1.91
경리단길,사교 활동,14.12
경리단길,시각적 요소,8.73
경리단길,경험,6.51
경리단길,다양성,9.44
경리단길,특별함,21.71
서울역사,분위기,86.75
서울역사,사교 활동,202.25
서울역사,시각적 요소,46.08
서울역사,경험,32.32
서울역사,다양성,50.01
서울역사,특별함,119.84
용산리첸시아,분위기,2.5
용산리첸시아,사교 활동,11.09
용산리첸시아,시각적 요소,9.43
용산리첸시아,경험,4.25
용산리첸시아,다양성,5.9
용산리첸시아,특별함,9.67
용산전자랜드,분위기,1.84
용산전자랜드,사교 활동,12.8
용산전자랜드,시각적 요소,7.54
용산전자랜드,경험,4.29
용산전자랜드,다양성,6.45
용산전자랜드,특별함,11.31
용산이마트,분위기,308.37
용산이마트,사교 활동,1593.48
용산이마트,시각적 요소,858.16
용산이마트,경험,399.72
용산이마트,다양성,402.18
용산이마트,특별함,531.03
상봉,분위기,-0.03
상봉,사교 활동,6.74
상봉,시각적 요소,5.13
상봉,경험,2.72
상봉,다양성,4.41
상봉,특별함,4.75
중랑역,분위기,0.69
중랑역,사교 활동,8.76
중랑역,시각적 요소,6.96
중랑역,경험,3.55
중랑역,다양성,4.64
중랑역,특별함,6.98
중랑구청,분위기,0.35
중랑구청,사교 활동,8.78
중랑구청,시각적 요소,6.89
중랑구청,경험,3.33
중랑구청,다양성,5.02
중랑구청,특별함,5.97
사가정역,분위기,0.03
사가정역,사교 활동,6.66
사가정역,시각적 요소,5.52
사가정역,경험,2.8
사가정역,다양성,4.34
사가정역,특별함,4.8
상봉역,분위기,0.18
상봉역,사교 활동,7.87
상봉역,시각적 요소,6.16
상봉역,경험,3.24
상봉역,다양성,4.88
상봉역,특별함,6.35
묵동,분위기,-0.28
묵동,사교 활동,6.02
묵동,시각적 요소,4.94
묵동,경험,2.54
묵동,다양성,4.41
묵동,특별함,4.32
망우동,분위기,45.75
망우동,사교 활동,321.5
망우동,시각적 요소,125.52
망우동,경험,52.9
망우동,다양성,122.65
망우동,특별함,84.12
압구정,분위기,1.56
압구정,사교 활동,10.3
압구정,시각적 요소,8.24
압구정,경험,3.91
압구정,다양성,6.03
압구정,특별함,9.15
신사가로수,분위기,1.33
신사가로수,사교 활동,10.16
신사가로수,시각적 요소,6.62
신사가로수,경험,4.15
신사가로수,다양성,6.66
신사가로수,특별함,9.81
청담사거리,분위기,1.66
청담사거리,사교 활동,12.28
청담사거리,시각적 요소,8.1
청담사거리,경험,4.7
청담사거리,다양성,6.56
청담사거리,특별함,10.5
대치,분위기,5.52
대치,사교 활동,26.21
대치,시각적 요소,20.19
대치,경험,7.27
대치,다양성,11.07
대치,특별함,16.26
신세계푸드마켓도곡,분위기,11.65
신세계푸드마켓도곡,사교 활동,15.28
신세계푸드마켓도곡,시각적 요소,8.66
신세계푸드마켓도곡,경험,4.88
신세계푸드마켓도곡,다양성,6.13
신세계푸드마켓도곡,특별함,6.04
선릉세화빌딩,분위기,1.23
선릉세화빌딩,사교 활동,8.55
선릉세화빌딩,시각적 요소,8.09
선릉세화빌딩,경험,3.39
선릉세화빌딩,다양성,5.61
선릉세화빌딩,특별함,6.82
압구정역,분위기,1.89
압구정역,사교 활동,10.83
압구정역,시각적 요소,8.67
압구정역,경험,4.09
압구정역,다양성,6.13
압구정역,특별함,8.45
압구정로,분위기,3.86
압구정로,사교 활동,13.75
압구정로,시각적 요소,9.95
압구정로,경험,5.29
압구정로,다양성,6.96
압구정로,특별함,14.3
구역삼사거리,분위기,2.76
구역삼사거리,사교 활동,14.09
구역삼사거리,시각적 요소,11.23
구역삼사거리,경험,4.71
구역삼사거리,다양성,7.25
구역삼사거리,특별함,9.07
압구정미소,분위기,1.85
압구정미소,사교 활동,10.77
압구정미소,시각적 요소,8.8
압구정미소,경험,3.67
압구정미소,다양성,5.17
압구정미소,특별함,7.78
선릉역,분위기,2.65
선릉역,사교 활동,12.28
선릉역,시각적 요소,9.73
선릉역,경험,4.19
선릉역,다양성,6.25
선릉역,특별함,7.89
코엑스사거리,분위기,2.42
코엑스사거리,사교 활동,11.37
코엑스사거리,시각적 요소,7.23
코엑스사거리,경험,4.4
코엑스사거리,다양성,6.43
코엑스사거리,특별함,10.73
아크로힐스논현,분위기,5.71
아크로힐스논현,사교 활동,17.64
아크로힐스논현,시각적 요소,8.07
아크로힐스논현,경험,5.63
아크로힐스논현,다양성,7.7
아크로힐스논현,특별함,13.15
강남비젼타워,분위기,0.19
강남비젼타워,사교 활동,8.19
강남비젼타워,시각적 요소,6.82
강남비젼타워,경험,3.29
강남비젼타워,다양성,5.33
강남비젼타워,특별함,7.81
대치한티,분위기,0.18
대치한티,사교 활동,9.08
대치한티,시각적 요소,7.09
대치한티,경험,3.63
대치한티,다양성,6.07
대치한티,특별함,7.61
개포동,분위기,3.87
개포동,사교 활동,22.89
개포동,시각적 요소,11.5
개포동,경험,9.28
개포동,다양성,13.9
개포동,특별함,19.65
수서역사거리,분위기,2.1
수서역사거리,사교 활동,9.74
수서역사거리,시각적 요소,7.66
수서역사거리,경험,3.75
수서역사거리,다양성,5.49
수서역사거리,특별함,7.97
코엑스아셈타워,분위기,8.82
코엑스아셈타워,사교 활동,18.88
코엑스아셈타워,시각적 요소,11.97
코엑스아셈타워,경험,7.33
코엑스아셈타워,다양성,10.88
코엑스아셈타워,특별함,20.74
센터필드R,분위기,2.66
센터필드R,사교 활동,9.32
센터필드R,시각적 요소,5.39
센터필드R,경험,3.6
센터필드R,다양성,5.45
센터필드R,특별함,5.98
도산사거리,분위기,3.79
도산사거리,사교 활동,13.65
도산사거리,시각적 요소,7.61
도산사거리,경험,5.06
도산사거리,다양성,6.9
도산사거리,특별함,10.86
강남세곡,분위기,-0.23
강남세곡,사교 활동,8.29
강남세곡,시각적 요소,5.39
강남세곡,경험,3.27
강남세곡,다양성,5.0
강남세곡,특별함,7.07
강남역신분당역사,분위기,19.78
강남역신분당역사,사교 활동,62.39
강남역신분당역사,시각적 요소,12.95
강남역신분당역사,경험,7.0
강남역신분당역사,다양성,7.62
강남역신분당역사,특별함,14.84
마곡역,분위기,0.59
마곡역,사교 활동,8.5
마곡역,시각적 요소,7.15
마곡역,경험,3.36
마곡역,다양성,5.03
마곡역,특별함,6.77
우장산역,분위기,0.57
우장산역,사교 활동,7.28
우장산역,시각적 요소,5.89
우장산역,경험,2.92
우장산역,다양성,4.67
우장산역,특별함,6.44
화곡DT,분위기,-0.4
화곡DT,사교 활동,7.23
화곡DT,시각적 요소,5.04
화곡DT,경험,3.07
화곡DT,다양성,4.89
화곡DT,특별함,5.3
양천향교역,분위기,0.62
양천향교역,사교 활동,9.08
양천향교역,시각적 요소,7.89
양천향교역,경험,3.56
양천향교역,다양성,5.17
양천향교역,특별함,5.96
염창역,분위기,-0.39
염창역,사교 활동,8.18
염창역,시각적 요소,6.8
염창역,경험,3.32
염창역,다양성,5.17
염창역,특별함,7.87
발산역,분위기,0.6
발산역,사교 활동,8.12
발산역,시각적 요소,7.68
발산역,경험,3.59
발산역,다양성,5.54
발산역,특별함,6.59
까치산역,분위기,-0.95
까치산역,사교 활동,6.62
까치산역,시각적 요소,5.15
까치산역,경험,2.77
까치산역,다양성,4.4
까치산역,특별함,4.83
염창대로,분위기,55.11
염창대로,사교 활동,148.04
염창대로,시각적 요소,50.93
염창대로,경험,34.38
염창대로,다양성,82.8
염창대로,특별함,108.31
강서구청사거리,분위기,0.43
강서구청사거리,사교 활동,9.5
강서구청사거리,시각적 요소,6.02
강서구청사거리,경험,3.67
강서구청사거리,다양성,5.38
강서구청사거리,특별함,7.05
낙성대역,분위기,-1.19
낙성대역,사교 활동,8.87
낙성대역,시각적 요소,5.52
낙성대역,경험,3.2
낙성대역,다양성,4.79
낙성대역,특별함,5.61
건대후문,분위기,1.39
건대후문,사교 활동,18.22
건대후문,시각적 요소,9.04
건대후문,경험,4.88
건대후문,다양성,7.36
건대후문,특별함,9.95
중곡역,분위기,0.36
중곡역,사교 활동,7.92
중곡역,시각적 요소,5.57
중곡역,경험,2.93
중곡역,다양성,4.66
중곡역,특별함,7.3
자양이마트,분위기,2.99
자양이마트,사교 활동,8.02
자양이마트,시각적 요소,6.7
자양이마트,경험,3.21
자양이마트,다양성,4.8
자양이마트,특별함,6.47
자양역,분위기,1.02
자양역,사교 활동,9.16
자양역,시각적 요소,5.6
자양역,경험,3.53
자양역,다양성,5.53
자양역,특별함,6.67
군자사거리,분위기,0.4
군자사거리,사교 활동,9.12
군자사거리,시각적 요소,6.62
군자사거리,경험,3.58
군자사거리,다양성,5.05
군자사거리,특별함,6.5
금천구청역,분위기,0.37
금천구청역,사교 활동,8.38
금천구청역,시각적 요소,7.1
금천구청역,경험,3.5
금천구청역,다양성,4.64
금천구청역,특별함,6.79
가산에스케이,분위기,0.95
가산에스케이,사교 활동,10.18
가산에스케이,시각적 요소,6.83
가산에스케이,경험,3.43
가산에스케이,다양성,4.76
가산에스케이,특별함,6.48
독산사거리,분위기,0.66
독산사거리,사교 활동,9.45
독산사거리,시각적 요소,7.32
독산사거리,경험,3.6
독산사거리,다양성,5.47
독산사거리,특별함,8.02
금천시흥,분위기,0.67
금천시흥,사교 활동,10.07
금천시흥,시각적 요소,8.04
금천시흥,경험,3.49
금천시흥,다양성,5.43
금천시흥,특별함,6.9
가산디지털단지역,분위기,2.37
가산디지털단지역,사교 활동,10.44
가산디지털단지역,시각적 요소,8.09
가산디지털단지역,경험,3.77
가산디지털단지역,다양성,5.6
가산디지털단지역,특별함,7.63
가산브이타워,분위기,5.92
가산브이타워,사교 활동,13.56
가산브이타워,시각적 요소,9.49
가산브이타워,경험,4.61
가산브이타워,다양성,6.3
가산브이타워,특별함,10.17
노원역,분위기,-0.48
노원역,사교 활동,5.35
노원역,시각적 요소,4.7
노원역,경험,2.42
노원역,다양성,4.04
노원역,특별함,4.36
월계이마트,분위기,8.38
월계이마트,사교 활동,20.06
월계이마트,시각적 요소,9.42
월계이마트,경험,4.0
월계이마트,다양성,5.13
월계이마트,특별함,6.32
노원구청,분위기,33.12
노원구청,사교 활동,148.04
노원구청,시각적 요소,42.3
노원구청,경험,29.66
노원구청,다양성,61.32
노원구청,특별함,43.04
창동이마트,분위기,0.41
창동이마트,사교 활동,7.52
창동이마트,시각적 요소,6.86
창동이마트,경험,3.12
창동이마트,다양성,4.75
창동이마트,특별함,6.65
쌍문역,분위기,-0.92
쌍문역,사교 활동,7.5
쌍문역,시각적 요소,5.97
쌍문역,경험,3.01
쌍문역,다양성,4.59
쌍문역,특별함,4.9
도봉구청,분위기,11.17
도봉구청,사교 활동,32.41
도봉구청,시각적 요소,13.06
도봉구청,경험,8.1
도봉구청,다양성,14.56
도봉구청,특별함,14.25
쌍문도봉로,분위기,-0.46
쌍문도봉로,사교 활동,6.26
쌍문도봉로,시각적 요소,4.62
쌍문도봉로,경험,2.57
쌍문도봉로,다양성,4.15
쌍문도봉로,특별함,4.13
도봉로DT,분위기,0.59
도봉로DT,사교 활동,12.0
도봉로DT,시각적 요소,7.68
도봉로DT,경험,5.53
도봉로DT,다양성,8.04
도봉로DT,특별함,9.12
이대,분위기,2.39
이대,사교 활동,14.85
이대,시각적 요소,5.95
이대,경험,4.57
이대,다양성,6.08
이대,특별함,5.9
연세종합관,분위기,6.51
연세종합관,사교 활동,11.7
연세종합관,시각적 요소,9.64
연세종합관,경험,3.62
연세종합관,다양성,5.35
연세종합관,특별함,6.55
연대동문,분위기,0.6
연대동문,사교 활동,13.19
연대동문,시각적 요소,11.63
연대동문,경험,5.55
연대동문,다양성,7.93
연대동문,특별함,12.55
충정타워,분위기,0.43
충정타워,사교 활동,7.95
충정타워,시각적 요소,6.08
충정타워,경험,3.39
충정타워,다양성,5.11
충정타워,특별함,7.86
이대역,분위기,1.52
이대역,사교 활동,14.69
이대역,시각적 요소,9.38
이대역,경험,4.15
이대역,다양성,6.56
이대역,특별함,8.05
신촌로,분위기,87.39
신촌로,사교 활동,798.49
신촌로,시각적 요소,97.91
신촌로,경험,150.3
신촌로,다양성,187.2
신촌로,특별함,1059.07
북가좌DT,분위기,0.67
북가좌DT,사교 활동,8.26
북가좌DT,시각적 요소,5.26
북가좌DT,경험,3.1
북가좌DT,다양성,4.77
북가좌DT,특별함,4.99
방배다이치빌딩,분위기,0.91
방배다이치빌딩,사교 활동,10.73
방배다이치빌딩,시각적 요소,7.3
방배다이치빌딩,경험,4.18
방배다이치빌딩,다양성,6.25
방배다이치빌딩,특별함,7.49
몬테소리,분위기,1.52
몬테소리,사교 활동,10.54
몬테소리,시각적 요소,8.15
몬테소리,경험,3.82
몬테소리,다양성,5.61
몬테소리,특별함,6.82
서초역,분위기,1.77
서초역,사교 활동,11.31
서초역,시각적 요소,9.3
서초역,경험,4.28
서초역,다양성,6.12
서초역,특별함,8.69
강남GT타워,분위기,5.97
강남GT타워,사교 활동,17.33
강남GT타워,시각적 요소,10.06
강남GT타워,경험,6.04
강남GT타워,다양성,7.46
강남GT타워,특별함,11.47
서초동,분위기,2.46
서초동,사교 활동,13.14
서초동,시각적 요소,9.54
서초동,경험,5.35
서초동,다양성,7.09
서초동,특별함,11.92
서울교대,분위기,3.02
서울교대,사교 활동,14.78
서울교대,시각적 요소,11.33
서울교대,경험,4.44
서울교대,다양성,6.11
서울교대,특별함,10.37
강남에비뉴,분위기,-0.8
강남에비뉴,사교 활동,9.34
강남에비뉴,시각적 요소,8.75
강남에비뉴,경험,3.9
강남에비뉴,다양성,6.05
강남에비뉴,특별함,9.36
교대역3번출구,분위기,69.75
교대역3번출구,사교 활동,268.5
교대역3번출구,시각적 요소,39.11
교대역3번출구,경험,37.22
교대역3번출구,다양성,54.03
교대역3번출구,특별함,120.34
고대안암병원,분위기,1.09
고대안암병원,사교 활동,8.2
고대안암병원,시각적 요소,4.47
고대안암병원,경험,3.3
고대안암병원,다양성,5.09
고대안암병원,특별함,5.92
장위뉴타운,분위기,0.17
장위뉴타운,사교 활동,8.29
장위뉴타운,시각적 요소,5.24
장위뉴타운,경험,3.54
장위뉴타운,다양성,5.14
장위뉴타운,특별함,6.35
송파헬리오시티,분위기,2.27
송파헬리오시티,사교 활동,9.59
송파헬리오시티,시각적 요소,7.91
송파헬리오시티,경험,4.36
송파헬리오시티,다양성,6.03
송파헬리오시티,특별함,11.83
잠실시그마타워,분위기,0.33
잠실시그마타워,사교 활동,7.77
잠실시그마타워,시각적 요소,5.75
잠실시그마타워,경험,3.18
잠실시그마타워,다양성,4.99
잠실시그마타워,특별함,6.96
문정법원로R,분위기,0.71
문정법원로R,사교 활동,10.02
문정법원로R,시각적 요소,5.29
문정법원로R,경험,3.49
문정법원로R,다양성,5.41
문정법원로R,특별함,6.98
송파개롱역,분위기,0.97
송파개롱역,사교 활동,7.88
송파개롱역,시각적 요소,6.59
송파개롱역,경험,3.34
송파개롱역,다양성,5.17
송파개롱역,특별함,5.64
문정하비오,분위기,0.48
문정하비오,사교 활동,9.39
문정하비오,시각적 요소,7.2
문정하비오,경험,3.59
문정하비오,다양성,5.66
문정하비오,특별함,9.27
가락본동,분위기,1.73
가락본동,사교 활동,9.96
가락본동,시각적 요소,10.29
가락본동,경험,4.4
가락본동,다양성,6.53
가락본동,특별함,7.68
석촌역,분위기,0.81
석촌역,사교 활동,8.53
석촌역,시각적 요소,8.0
석촌역,경험,3.51
석촌역,다양성,5.38
석촌역,특별함,9.31
가락시장역,분위기,0.83
가락시장역,사교 활동,7.72
가락시장역,시각적 요소,7.52
가락시장역,경험,3.31
가락시장역,다양성,5.44
가락시장역,특별함,5.63
가든파이브,분위기,19.24
가든파이브,사교 활동,34.68
가든파이브,시각적 요소,24.79
가든파이브,경험,7.75
가든파이브,다양성,11.08
가든파이브,특별함,14.51
잠실본동,분위기,9.54
잠실본동,사교 활동,37.8
잠실본동,시각적 요소,23.35
잠실본동,경험,10.54
잠실본동,다양성,24.52
잠실본동,특별함,30.55
송파NC,분위기,5.03
송파NC,사교 활동,8.29
송파NC,시각적 요소,6.39
송파NC,경험,3.21
송파NC,다양성,4.94
송파NC,특별함,6.15
송파거여역,분위기,3.17
송파거여역,사교 활동,13.02
송파거여역,시각적 요소,7.76
송파거여역,경험,4.55
송파거여역,다양성,6.41
송파거여역,특별함,7.49
몽촌토성역,분위기,0.29
몽촌토성역,사교 활동,7.8
몽촌토성역,시각적 요소,5.95
몽촌토성역,경험,3.53
몽촌토성역,다양성,5.15
몽촌토성역,특별함,7.85
목동5단지,분위기,3.18
목동5단지,사교 활동,11.65
목동5단지,시각적 요소,9.18
목동5단지,경험,4.93
목동5단지,다양성,7.08
목동5단지,특별함,12.51
목동,분위기,1.82
목동,사교 활동,13.63
목동,시각적 요소,9.79
목동,경험,4.82
목동,다양성,7.91
목동,특별함,10.01
현대목동,분위기,4.47
현대목동,사교 활동,10.5
현대목동,시각적 요소,7.28
현대목동,경험,3.54
현대목동,다양성,5.18
현대목동,특별함,6.16
목동SBS,분위기,11.92
목동SBS,사교 활동,26.21
목동SBS,시각적 요소,10.93
목동SBS,경험,8.94
목동SBS,다양성,20.3
목동SBS,특별함,17.25
하이테크시티,분위기,5.33
하이테크시티,사교 활동,18.64
하이테크시티,시각적 요소,10.18
하이테크시티,경험,4.9
하이테크시티,다양성,6.43
하이테크시티,특별함,9.76
여의도,분위기,2.26
여의도,사교 활동,10.79
여의도,시각적 요소,8.93
여의도,경험,4.12
여의도,다양성,5.98
여의도,특별함,9.3
영등포본동,분위기,2.98
영등포본동,사교 활동,11.14
영등포본동,시각적 요소,8.0
영등포본동,경험,3.91
영등포본동,다양성,6.09
영등포본동,특별함,8.97
종로수송,분위기,0.98
종로수송,사교 활동,10.33
종로수송,시각적 요소,7.01
종로수송,경험,4.25
종로수송,다양성,5.48
종로수송,특별함,9.53
새문안로,분위기,0.44
새문안로,사교 활동,8.73
새문안로,시각적 요소,6.24
새문안로,경험,3.67
새문안로,다양성,5.44
새문안로,특별함,8.24
마로니에공원,분위기,-0.5
마로니에공원,사교 활동,5.46
마로니에공원,시각적 요소,4.34
마로니에공원,경험,2.64
마로니에공원,다양성,4.32
마로니에공원,특별함,4.94
종로3가,분위기,3.48
종로3가,사교 활동,12.4
종로3가,시각적 요소,9.95
종로3가,경험,4.43
종로3가,다양성,6.25
종로3가,특별함,8.13
대학로,분위기,-0.44
대학로,사교 활동,6.21
대학로,시각적 요소,4.97
대학로,경험,2.71
대학로,다양성,4.36
대학로,특별함,5.14
경복궁사거리,분위기,4.09
경복궁사거리,사교 활동,11.17
경복궁사거리,시각적 요소,7.15
경복궁사거리,경험,4.48
경복궁사거리,다양성,6.96
경복궁사거리,특별함,8.74
종로관수,분위기,-0.09
종로관수,사교 활동,10.54
종로관수,시각적 요소,9.14
종로관수,경험,4.26
종로관수,다양성,6.49
종로관수,특별함,8.12
동숭길입구,분위기,-0.21
동숭길입구,사교 활동,6.56
동숭길입구,시각적 요소,5.36
동숭길입구,경험,2.79
동숭길입구,다양성,4.65
동숭길입구,특별함,4.66
을지로2가,분위기,6.38
을지로2가,사교 활동,24.34
을지로2가,시각적 요소,13.02
을지로2가,경험,6.51
을지로2가,다양성,8.63
을지로2가,특별함,14.23
신세계본점6F,분위기,10.77
신세계본점6F,사교 활동,14.62
신세계본점6F,시각적 요소,10.22
신세계본점6F,경험,4.63
신세계본점6F,다양성,6.4
신세계본점6F,특별함,9.38
서울중앙우체국,분위기,3.08
서울중앙우체국,사교 활동,8.71
서울중앙우체국,시각적 요소,5.02
서울중앙우체국,경험,3.79
서울중앙우체국,다양성,6.13
서울중앙우체국,특별함,8.63
한국프레스센터,분위기,-1.99
한국프레스센터,사교 활동,4.34
한국프레스센터,시각적 요소,3.71
한국프레스센터,경험,2.14
한국프레스센터,다양성,3.45
한국프레스센터,특별함,3.05
이마트타워,분위기,85.96
이마트타워,사교 활동,50.26
이마트타워,시각적 요소,26.5
이마트타워,경험,13.12
이마트타워,다양성,15.84
이마트타워,특별함,25.7
동호로,분위기,9.07
동호로,사교 활동,28.34
동호로,시각적 요소,14.55
동호로,경험,11.86
동호로,다양성,13.86
동호로,특별함,22.76
무교로,분위기,-1.83
무교로,사교 활동,5.1
무교로,시각적 요소,4.03
무교로,경험,2.17
무교로,다양성,3.71
무교로,특별함,3.41
청계크리스탈스퀘어,분위기,2.06
청계크리스탈스퀘어,사교 활동,9.64
청계크리스탈스퀘어,시각적 요소,5.81
청계크리스탈스퀘어,경험,4.04
청계크리스탈스퀘어,다양성,6.29
청계크리스탈스퀘어,특별함,7.41
동대문디자인플라자,분위기,3.55
동대문디자인플라자,사교 활동,9.45
동대문디자인플라자,시각적 요소,7.64
동대문디자인플라자,경험,4.0
동대문디자인플라자,다양성,6.34
동대문디자인플라자,특별함,9.26
포포인츠명동,분위기,45.33
포포인츠명동,사교 활동,79.21
포포인츠명동,시각적 요소,23.11
포포인츠명동,경험,8.97
포포인츠명동,다양성,10.52
포포인츠명동,특별함,19.43
명동남산,분위기,1.37
명동남산,사교 활동,9.74
명동남산,시각적 요소,7.07
명동남산,경험,4.03
명동남산,다양성,6.03
명동남산,특별함,7.46
신세계본점5F,분위기,19.18
신세계본점5F,사교 활동,15.37
신세계본점5F,시각적 요소,15.83
신세계본점5F,경험,6.08
신세계본점5F,다양성,8.46
신세계본점5F,특별함,11.41
왕십리역9번출구,분위기,1.24
왕십리역9번출구,사교 활동,8.73
왕십리역9번출구,시각적 요소,5.67
왕십리역9번출구,경험,3.75
왕십리역9번출구,다양성,5.84
왕십리역9번출구,특별함,6.86
성수,분위기,0.25
성수,사교 활동,8.57
성수,시각적 요소,6.06
성수,경험,3.41
성수,다양성,4.94
성수,특별함,6.32
효창공원앞역,분위기,0.86
효창공원앞역,사교 활동,11.14
효창공원앞역,시각적 요소,7.32
효창공원앞역,경험,4.61
효창공원앞역,다양성,6.92
효창공원앞역,특별함,15.86
서울역서부,분위기,2.73
서울역서부,사교 활동,12.14
서울역서부,시각적 요소,8.64
서울역서부,경험,4.69
서울역서부,다양성,6.25
서울역서부,특별함,9.31
이태원역,분위기,0.39
이태원역,사교 활동,9.3
이태원역,시각적 요소,6.28
이태원역,경험,3.64
이태원역,다양성,6.13
이태원역,특별함,7.08
한강진역R,분위기,0.52
한강진역R,사교 활동,9.96
한강진역R,시각적 요소,5.81
한강진역R,경험,3.95
한강진역R,다양성,6.42
한강진역R,특별함,7.65
이촌,분위기,2.51
이촌,사교 활동,12.59
이촌,시각적 요소,12.12
이촌,경험,5.33
이촌,다양성,7.61
이촌,특별함,9.05
양원역,분위기,3.9
양원역,사교 활동,16.86
양원역,시각적 요소,8.74
양원역,경험,5.05
양원역,다양성,7.73
양원역,특별함,10.05
신림타임스트림,분위기,1.26
신림타임스트림,사교 활동,8.3
신림타임스트림,시각적 요소,6.51
신림타임스트림,경험,3.16
신림타임스트림,다양성,4.77
신림타임스트림,특별함,5.36
마리오아울렛,분위기,4.77
마리오아울렛,사교 활동,10.73
마리오아울렛,시각적 요소,7.85
마리오아울렛,경험,3.65
마리오아울렛,다양성,5.3
마리오아울렛,특별함,8.42
중계역,분위기,-1.0
중계역,사교 활동,5.97
중계역,시각적 요소,5.33
중계역,경험,2.63
중계역,다양성,4.28
중계역,특별함,5.14
서강대흥역,분위기,-0.79
서강대흥역,사교 활동,9.94
서강대흥역,시각적 요소,7.19
서강대흥역,경험,3.67
서강대흥역,다양성,5.6
서강대흥역,특별함,7.95
잠실대교남단R,분위기,0.93
잠실대교남단R,사교 활동,7.33
잠실대교남단R,시각적 요소,5.19
잠실대교남단R,경험,3.22
잠실대교남단R,다양성,4.92
잠실대교남단R,특별함,4.98
송파KT,분위기,0.49
송파KT,사교 활동,6.54
송파KT,시각적 요소,4.69
송파KT,경험,2.86
송파KT,다양성,4.5
송파KT,특별함,4.87
타임스퀘어R,분위기,2.53
타임스퀘어R,사교 활동,7.11
타임스퀘어R,시각적 요소,5.37
타임스퀘어R,경험,2.85
타임스퀘어R,다양성,4.54
타임스퀘어R,특별함,4.69
타임스퀘어2F,분위기,3.64
타임스퀘어2F,사교 활동,6.61
타임스퀘어2F,시각적 요소,5.35
타임스퀘어2F,경험,2.94
타임스퀘어2F,다양성,4.7
타임스퀘어2F,특별함,4.9
구파발사거리,분위기,0.71
구파발사거리,사교 활동,9.18
구파발사거리,시각적 요소,7.39
구파발사거리,경험,3.46
구파발사거리,다양성,5.04
구파발사거리,특별함,8.59
독립문역,분위기,1.4
독립문역,사교 활동,8.68
독립문역,시각적 요소,7.07
독립문역,경험,3.9
독립문역,다양성,5.91
독립문역,특별함,7.78
서울대치과병원,분위기,3.27
서울대치과병원,사교 활동,9.79
서울대치과병원,시각적 요소,6.66
서울대치과병원,경험,3.81
서울대치과병원,다양성,4.92
서울대치과병원,특별함,6.2
천호대로길동,분위기,-0.34
천호대로길동,사교 활동,8.32
천호대로길동,시각적 요소,6.53
천호대로길동,경험,3.14
천호대로길동,다양성,4.95
천호대로길동,특별함,6.65
중화역,분위기,-0.48
중화역,사교 활동,7.09
중화역,시각적 요소,5.61
중화역,경험,3.1
중화역,다양성,4.53
중화역,특별함,5.02
장충라운지R,분위기,8.49
장충라운지R,사교 활동,38.06
장충라운지R,시각적 요소,5.78
장충라운지R,경험,10.63
장충라운지R,다양성,15.84
장충라운지R,특별함,9.98
